CustomerID,Segment,ClusterID
12875,Unknown,0
12908,Unknown,0
13068,Unknown,0
13145,Unknown,0
13848,Unknown,0
14520,Unknown,0
14609,Unknown,0
14865,Unknown,0
14987,Unknown,0
16308,Unknown,0
16462,Unknown,0
16532,Unknown,0
17029,Unknown,0
17616,Unknown,0
17929,Unknown,0
18017,Unknown,0
18080,Unknown,0
18087,Unknown,0
18246,Unknown,0
18273,Unknown,0
12349,Unknown,1
12357,Unknown,1
12358,Unknown,1
12360,Unknown,1
12363,Unknown,1
12364,Unknown,1
12367,Unknown,1
12371,Unknown,1
12374,Unknown,1
12375,Unknown,1
12378,Unknown,1
12379,Unknown,1
12380,Unknown,1
12381,Unknown,1
12384,Unknown,1
12390,Unknown,1
12391,Unknown,1
12394,Unknown,1
12397,Unknown,1
12398,Unknown,1
12399,Unknown,1
12403,Unknown,1
12405,Unknown,1
12406,Unknown,1
12409,Unknown,1
12412,Unknown,1
12418,Unknown,1
12420,Unknown,1
12425,Unknown,1
12430,Unknown,1
12432,Unknown,1
12434,Unknown,1
12435,Unknown,1
12436,Unknown,1
12438,Unknown,1
12442,Unknown,1
12445,Unknown,1
12446,Unknown,1
12448,Unknown,1
12452,Unknown,1
12453,Unknown,1
12454,Unknown,1
12457,Unknown,1
12458,Unknown,1
12461,Unknown,1
12463,Unknown,1
12465,Unknown,1
12475,Unknown,1
12478,Unknown,1
12479,Unknown,1
12488,Unknown,1
12491,Unknown,1
12492,Unknown,1
12497,Unknown,1
12498,Unknown,1
12504,Unknown,1
12507,Unknown,1
12508,Unknown,1
12510,Unknown,1
12512,Unknown,1
12513,Unknown,1
12516,Unknown,1
12518,Unknown,1
12519,Unknown,1
12521,Unknown,1
12522,Unknown,1
12526,Unknown,1
12531,Unknown,1
12532,Unknown,1
12534,Unknown,1
12535,Unknown,1
12536,Unknown,1
12538,Unknown,1
12544,Unknown,1
12545,Unknown,1
12546,Unknown,1
12550,Unknown,1
12552,Unknown,1
12556,Unknown,1
12558,Unknown,1
12560,Unknown,1
12566,Unknown,1
12571,Unknown,1
12572,Unknown,1
12579,Unknown,1
12581,Unknown,1
12586,Unknown,1
12587,Unknown,1
12588,Unknown,1
12589,Unknown,1
12592,Unknown,1
12593,Unknown,1
12596,Unknown,1
12602,Unknown,1
12603,Unknown,1
12604,Unknown,1
12607,Unknown,1
12610,Unknown,1
12611,Unknown,1
12612,Unknown,1
12615,Unknown,1
12616,Unknown,1
12617,Unknown,1
12618,Unknown,1
12624,Unknown,1
12628,Unknown,1
12630,Unknown,1
12631,Unknown,1
12635,Unknown,1
12638,Unknown,1
12640,Unknown,1
12641,Unknown,1
12642,Unknown,1
12643,Unknown,1
12644,Unknown,1
12646,Unknown,1
12649,Unknown,1
12650,Unknown,1
12653,Unknown,1
12657,Unknown,1
12658,Unknown,1
12659,Unknown,1
12660,Unknown,1
12667,Unknown,1
12669,Unknown,1
12674,Unknown,1
12680,Unknown,1
12685,Unknown,1
12688,Unknown,1
12689,Unknown,1
12693,Unknown,1
12694,Unknown,1
12695,Unknown,1
12697,Unknown,1
12701,Unknown,1
12702,Unknown,1
12703,Unknown,1
12710,Unknown,1
12713,Unknown,1
12715,Unknown,1
12716,Unknown,1
12717,Unknown,1
12718,Unknown,1
12719,Unknown,1
12722,Unknown,1
12723,Unknown,1
12729,Unknown,1
12739,Unknown,1
12740,Unknown,1
12743,Unknown,1
12750,Unknown,1
12752,Unknown,1
12756,Unknown,1
12758,Unknown,1
12762,Unknown,1
12763,Unknown,1
12772,Unknown,1
12781,Unknown,1
12783,Unknown,1
12784,Unknown,1
12787,Unknown,1
12789,Unknown,1
12794,Unknown,1
12795,Unknown,1
12798,Unknown,1
12812,Unknown,1
12814,Unknown,1
12815,Unknown,1
12816,Unknown,1
12822,Unknown,1
12824,Unknown,1
12827,Unknown,1
12828,Unknown,1
12830,Unknown,1
12832,Unknown,1
12833,Unknown,1
12840,Unknown,1
12844,Unknown,1
12847,Unknown,1
12851,Unknown,1
12853,Unknown,1
12856,Unknown,1
12863,Unknown,1
12864,Unknown,1
12865,Unknown,1
12871,Unknown,1
12876,Unknown,1
12879,Unknown,1
12882,Unknown,1
12883,Unknown,1
12884,Unknown,1
12885,Unknown,1
12886,Unknown,1
12890,Unknown,1
12891,Unknown,1
12893,Unknown,1
12895,Unknown,1
12904,Unknown,1
12906,Unknown,1
12912,Unknown,1
12915,Unknown,1
12916,Unknown,1
12917,Unknown,1
12919,Unknown,1
12920,Unknown,1
12923,Unknown,1
12925,Unknown,1
12930,Unknown,1
12936,Unknown,1
12938,Unknown,1
12940,Unknown,1
12950,Unknown,1
12952,Unknown,1
12953,Unknown,1
12962,Unknown,1
12965,Unknown,1
12966,Unknown,1
12968,Unknown,1
12981,Unknown,1
12984,Unknown,1
12985,Unknown,1
12987,Unknown,1
12991,Unknown,1
12995,Unknown,1
13003,Unknown,1
13006,Unknown,1
13016,Unknown,1
13017,Unknown,1
13023,Unknown,1
13028,Unknown,1
13032,Unknown,1
13035,Unknown,1
13037,Unknown,1
13038,Unknown,1
13040,Unknown,1
13045,Unknown,1
13055,Unknown,1
13058,Unknown,1
13061,Unknown,1
13066,Unknown,1
13067,Unknown,1
13075,Unknown,1
13079,Unknown,1
13083,Unknown,1
13085,Unknown,1
13091,Unknown,1
13095,Unknown,1
13099,Unknown,1
13103,Unknown,1
13106,Unknown,1
13109,Unknown,1
13116,Unknown,1
13122,Unknown,1
13127,Unknown,1
13130,Unknown,1
13131,Unknown,1
13134,Unknown,1
13136,Unknown,1
13142,Unknown,1
13146,Unknown,1
13147,Unknown,1
13153,Unknown,1
13159,Unknown,1
13160,Unknown,1
13167,Unknown,1
13169,Unknown,1
13170,Unknown,1
13176,Unknown,1
13177,Unknown,1
13182,Unknown,1
13186,Unknown,1
13188,Unknown,1
13189,Unknown,1
13192,Unknown,1
13193,Unknown,1
13194,Unknown,1
13200,Unknown,1
13207,Unknown,1
13210,Unknown,1
13212,Unknown,1
13213,Unknown,1
13217,Unknown,1
13218,Unknown,1
13220,Unknown,1
13224,Unknown,1
13228,Unknown,1
13236,Unknown,1
13242,Unknown,1
13244,Unknown,1
13245,Unknown,1
13247,Unknown,1
13248,Unknown,1
13249,Unknown,1
13253,Unknown,1
13256,Unknown,1
13258,Unknown,1
13259,Unknown,1
13260,Unknown,1
13271,Unknown,1
13272,Unknown,1
13273,Unknown,1
13276,Unknown,1
13277,Unknown,1
13278,Unknown,1
13279,Unknown,1
13282,Unknown,1
13283,Unknown,1
13296,Unknown,1
13297,Unknown,1
13298,Unknown,1
13301,Unknown,1
13307,Unknown,1
13308,Unknown,1
13311,Unknown,1
13314,Unknown,1
13318,Unknown,1
13320,Unknown,1
13321,Unknown,1
13322,Unknown,1
13323,Unknown,1
13325,Unknown,1
13330,Unknown,1
13332,Unknown,1
13336,Unknown,1
13347,Unknown,1
13348,Unknown,1
13349,Unknown,1
13350,Unknown,1
13351,Unknown,1
13352,Unknown,1
13354,Unknown,1
13355,Unknown,1
13356,Unknown,1
13359,Unknown,1
13363,Unknown,1
13364,Unknown,1
13366,Unknown,1
13372,Unknown,1
13375,Unknown,1
13376,Unknown,1
13379,Unknown,1
13388,Unknown,1
13390,Unknown,1
13403,Unknown,1
13404,Unknown,1
13411,Unknown,1
13414,Unknown,1
13416,Unknown,1
13417,Unknown,1
13419,Unknown,1
13420,Unknown,1
13422,Unknown,1
13425,Unknown,1
13427,Unknown,1
13428,Unknown,1
13429,Unknown,1
13430,Unknown,1
13431,Unknown,1
13434,Unknown,1
13436,Unknown,1
13441,Unknown,1
13447,Unknown,1
13449,Unknown,1
13450,Unknown,1
13453,Unknown,1
13460,Unknown,1
13461,Unknown,1
13464,Unknown,1
13467,Unknown,1
13470,Unknown,1
13471,Unknown,1
13483,Unknown,1
13486,Unknown,1
13489,Unknown,1
13492,Unknown,1
13500,Unknown,1
13503,Unknown,1
13504,Unknown,1
13513,Unknown,1
13514,Unknown,1
13515,Unknown,1
13517,Unknown,1
13518,Unknown,1
13519,Unknown,1
13522,Unknown,1
13524,Unknown,1
13529,Unknown,1
13532,Unknown,1
13536,Unknown,1
13539,Unknown,1
13548,Unknown,1
13555,Unknown,1
13558,Unknown,1
13560,Unknown,1
13562,Unknown,1
13563,Unknown,1
13566,Unknown,1
13573,Unknown,1
13575,Unknown,1
13587,Unknown,1
13589,Unknown,1
13591,Unknown,1
13594,Unknown,1
13596,Unknown,1
13598,Unknown,1
13601,Unknown,1
13602,Unknown,1
13603,Unknown,1
13607,Unknown,1
13617,Unknown,1
13621,Unknown,1
13631,Unknown,1
13635,Unknown,1
13637,Unknown,1
13638,Unknown,1
13639,Unknown,1
13643,Unknown,1
13644,Unknown,1
13645,Unknown,1
13651,Unknown,1
13655,Unknown,1
13656,Unknown,1
13657,Unknown,1
13662,Unknown,1
13667,Unknown,1
13669,Unknown,1
13670,Unknown,1
13673,Unknown,1
13675,Unknown,1
13681,Unknown,1
13685,Unknown,1
13689,Unknown,1
13690,Unknown,1
13697,Unknown,1
13704,Unknown,1
13710,Unknown,1
13720,Unknown,1
13721,Unknown,1
13722,Unknown,1
13726,Unknown,1
13727,Unknown,1
13730,Unknown,1
13732,Unknown,1
13739,Unknown,1
13741,Unknown,1
13744,Unknown,1
13752,Unknown,1
13754,Unknown,1
13759,Unknown,1
13760,Unknown,1
13761,Unknown,1
13763,Unknown,1
13774,Unknown,1
13778,Unknown,1
13780,Unknown,1
13790,Unknown,1
13791,Unknown,1
13792,Unknown,1
13799,Unknown,1
13801,Unknown,1
13802,Unknown,1
13805,Unknown,1
13806,Unknown,1
13808,Unknown,1
13810,Unknown,1
13812,Unknown,1
13813,Unknown,1
13814,Unknown,1
13816,Unknown,1
13821,Unknown,1
13822,Unknown,1
13823,Unknown,1
13827,Unknown,1
13828,Unknown,1
13832,Unknown,1
13835,Unknown,1
13844,Unknown,1
13845,Unknown,1
13849,Unknown,1
13850,Unknown,1
13851,Unknown,1
13853,Unknown,1
13858,Unknown,1
13860,Unknown,1
13866,Unknown,1
13867,Unknown,1
13868,Unknown,1
13873,Unknown,1
13876,Unknown,1
13877,Unknown,1
13878,Unknown,1
13882,Unknown,1
13886,Unknown,1
13888,Unknown,1
13889,Unknown,1
13895,Unknown,1
13897,Unknown,1
13914,Unknown,1
13917,Unknown,1
13918,Unknown,1
13919,Unknown,1
13923,Unknown,1
13924,Unknown,1
13925,Unknown,1
13926,Unknown,1
13927,Unknown,1
13928,Unknown,1
13929,Unknown,1
13930,Unknown,1
13931,Unknown,1
13933,Unknown,1
13938,Unknown,1
13940,Unknown,1
13946,Unknown,1
13947,Unknown,1
13949,Unknown,1
13954,Unknown,1
13955,Unknown,1
13960,Unknown,1
13967,Unknown,1
13972,Unknown,1
13974,Unknown,1
13978,Unknown,1
13979,Unknown,1
13980,Unknown,1
13986,Unknown,1
13989,Unknown,1
13991,Unknown,1
13992,Unknown,1
14002,Unknown,1
14006,Unknown,1
14013,Unknown,1
14014,Unknown,1
14015,Unknown,1
14019,Unknown,1
14020,Unknown,1
14021,Unknown,1
14024,Unknown,1
14027,Unknown,1
14029,Unknown,1
14034,Unknown,1
14037,Unknown,1
14038,Unknown,1
14039,Unknown,1
14050,Unknown,1
14052,Unknown,1
14053,Unknown,1
14054,Unknown,1
14055,Unknown,1
14067,Unknown,1
14073,Unknown,1
14076,Unknown,1
14079,Unknown,1
14080,Unknown,1
14087,Unknown,1
14089,Unknown,1
14093,Unknown,1
14098,Unknown,1
14100,Unknown,1
14102,Unknown,1
14108,Unknown,1
14109,Unknown,1
14116,Unknown,1
14117,Unknown,1
14121,Unknown,1
14124,Unknown,1
14125,Unknown,1
14126,Unknown,1
14127,Unknown,1
14128,Unknown,1
14133,Unknown,1
14138,Unknown,1
14139,Unknown,1
14140,Unknown,1
14141,Unknown,1
14143,Unknown,1
14145,Unknown,1
14152,Unknown,1
14158,Unknown,1
14163,Unknown,1
14164,Unknown,1
14171,Unknown,1
14174,Unknown,1
14177,Unknown,1
14179,Unknown,1
14184,Unknown,1
14193,Unknown,1
14196,Unknown,1
14204,Unknown,1
14208,Unknown,1
14212,Unknown,1
14216,Unknown,1
14218,Unknown,1
14219,Unknown,1
14223,Unknown,1
14234,Unknown,1
14240,Unknown,1
14246,Unknown,1
14250,Unknown,1
14251,Unknown,1
14259,Unknown,1
14261,Unknown,1
14264,Unknown,1
14265,Unknown,1
14267,Unknown,1
14272,Unknown,1
14273,Unknown,1
14276,Unknown,1
14284,Unknown,1
14285,Unknown,1
14287,Unknown,1
14295,Unknown,1
14300,Unknown,1
14301,Unknown,1
14305,Unknown,1
14306,Unknown,1
14314,Unknown,1
14317,Unknown,1
14323,Unknown,1
14331,Unknown,1
14332,Unknown,1
14333,Unknown,1
14335,Unknown,1
14342,Unknown,1
14345,Unknown,1
14346,Unknown,1
14349,Unknown,1
14352,Unknown,1
14354,Unknown,1
14356,Unknown,1
14357,Unknown,1
14359,Unknown,1
14360,Unknown,1
14362,Unknown,1
14364,Unknown,1
14381,Unknown,1
14382,Unknown,1
14383,Unknown,1
14385,Unknown,1
14387,Unknown,1
14389,Unknown,1
14400,Unknown,1
14403,Unknown,1
14406,Unknown,1
14407,Unknown,1
14412,Unknown,1
14416,Unknown,1
14418,Unknown,1
14420,Unknown,1
14421,Unknown,1
14424,Unknown,1
14427,Unknown,1
14434,Unknown,1
14436,Unknown,1
14451,Unknown,1
14452,Unknown,1
14460,Unknown,1
14461,Unknown,1
14463,Unknown,1
14473,Unknown,1
14474,Unknown,1
14480,Unknown,1
14481,Unknown,1
14484,Unknown,1
14485,Unknown,1
14488,Unknown,1
14491,Unknown,1
14493,Unknown,1
14494,Unknown,1
14495,Unknown,1
14500,Unknown,1
14508,Unknown,1
14511,Unknown,1
14513,Unknown,1
14517,Unknown,1
14518,Unknown,1
14522,Unknown,1
14523,Unknown,1
14528,Unknown,1
14529,Unknown,1
14537,Unknown,1
14538,Unknown,1
14539,Unknown,1
14548,Unknown,1
14550,Unknown,1
14551,Unknown,1
14552,Unknown,1
14554,Unknown,1
14557,Unknown,1
14561,Unknown,1
14566,Unknown,1
14567,Unknown,1
14569,Unknown,1
14578,Unknown,1
14581,Unknown,1
14582,Unknown,1
14585,Unknown,1
14592,Unknown,1
14597,Unknown,1
14598,Unknown,1
14601,Unknown,1
14624,Unknown,1
14628,Unknown,1
14629,Unknown,1
14638,Unknown,1
14641,Unknown,1
14642,Unknown,1
14643,Unknown,1
14644,Unknown,1
14645,Unknown,1
14651,Unknown,1
14652,Unknown,1
14656,Unknown,1
14658,Unknown,1
14660,Unknown,1
14661,Unknown,1
14664,Unknown,1
14666,Unknown,1
14675,Unknown,1
14681,Unknown,1
14687,Unknown,1
14690,Unknown,1
14691,Unknown,1
14692,Unknown,1
14698,Unknown,1
14703,Unknown,1
14710,Unknown,1
14712,Unknown,1
14714,Unknown,1
14716,Unknown,1
14720,Unknown,1
14722,Unknown,1
14725,Unknown,1
14731,Unknown,1
14745,Unknown,1
14752,Unknown,1
14753,Unknown,1
14756,Unknown,1
14757,Unknown,1
14758,Unknown,1
14764,Unknown,1
14765,Unknown,1
14768,Unknown,1
14772,Unknown,1
14778,Unknown,1
14780,Unknown,1
14785,Unknown,1
14788,Unknown,1
14789,Unknown,1
14792,Unknown,1
14793,Unknown,1
14799,Unknown,1
14801,Unknown,1
14803,Unknown,1
14804,Unknown,1
14806,Unknown,1
14815,Unknown,1
14818,Unknown,1
14819,Unknown,1
14820,Unknown,1
14824,Unknown,1
14830,Unknown,1
14836,Unknown,1
14837,Unknown,1
14847,Unknown,1
14853,Unknown,1
14855,Unknown,1
14856,Unknown,1
14857,Unknown,1
14859,Unknown,1
14860,Unknown,1
14861,Unknown,1
14862,Unknown,1
14863,Unknown,1
14869,Unknown,1
14875,Unknown,1
14880,Unknown,1
14881,Unknown,1
14882,Unknown,1
14885,Unknown,1
14887,Unknown,1
14891,Unknown,1
14893,Unknown,1
14894,Unknown,1
14902,Unknown,1
14904,Unknown,1
14905,Unknown,1
14908,Unknown,1
14910,Unknown,1
14915,Unknown,1
14918,Unknown,1
14921,Unknown,1
14923,Unknown,1
14929,Unknown,1
14930,Unknown,1
14934,Unknown,1
14937,Unknown,1
14946,Unknown,1
14947,Unknown,1
14950,Unknown,1
14951,Unknown,1
14953,Unknown,1
14954,Unknown,1
14958,Unknown,1
14960,Unknown,1
14965,Unknown,1
14966,Unknown,1
14967,Unknown,1
14968,Unknown,1
14971,Unknown,1
14972,Unknown,1
14973,Unknown,1
14974,Unknown,1
14975,Unknown,1
14984,Unknown,1
14997,Unknown,1
15000,Unknown,1
15004,Unknown,1
15006,Unknown,1
15009,Unknown,1
15010,Unknown,1
15014,Unknown,1
15017,Unknown,1
15022,Unknown,1
15025,Unknown,1
15026,Unknown,1
15027,Unknown,1
15030,Unknown,1
15035,Unknown,1
15036,Unknown,1
15043,Unknown,1
15045,Unknown,1
15050,Unknown,1
15051,Unknown,1
15054,Unknown,1
15060,Unknown,1
15066,Unknown,1
15071,Unknown,1
15073,Unknown,1
15074,Unknown,1
15075,Unknown,1
15088,Unknown,1
15091,Unknown,1
15095,Unknown,1
15096,Unknown,1
15097,Unknown,1
15099,Unknown,1
15103,Unknown,1
15105,Unknown,1
15108,Unknown,1
15113,Unknown,1
15115,Unknown,1
15116,Unknown,1
15118,Unknown,1
15120,Unknown,1
15122,Unknown,1
15124,Unknown,1
15127,Unknown,1
15128,Unknown,1
15133,Unknown,1
15136,Unknown,1
15142,Unknown,1
15146,Unknown,1
15148,Unknown,1
15149,Unknown,1
15153,Unknown,1
15154,Unknown,1
15156,Unknown,1
15158,Unknown,1
15163,Unknown,1
15168,Unknown,1
15175,Unknown,1
15181,Unknown,1
15182,Unknown,1
15184,Unknown,1
15185,Unknown,1
15186,Unknown,1
15193,Unknown,1
15195,Unknown,1
15198,Unknown,1
15201,Unknown,1
15205,Unknown,1
15215,Unknown,1
15216,Unknown,1
15232,Unknown,1
15238,Unknown,1
15239,Unknown,1
15243,Unknown,1
15244,Unknown,1
15245,Unknown,1
15247,Unknown,1
15252,Unknown,1
15253,Unknown,1
15254,Unknown,1
15255,Unknown,1
15256,Unknown,1
15261,Unknown,1
15263,Unknown,1
15264,Unknown,1
15265,Unknown,1
15267,Unknown,1
15269,Unknown,1
15272,Unknown,1
15274,Unknown,1
15275,Unknown,1
15276,Unknown,1
15277,Unknown,1
15286,Unknown,1
15287,Unknown,1
15297,Unknown,1
15300,Unknown,1
15306,Unknown,1
15307,Unknown,1
15313,Unknown,1
15315,Unknown,1
15318,Unknown,1
15320,Unknown,1
15322,Unknown,1
15325,Unknown,1
15327,Unknown,1
15329,Unknown,1
15330,Unknown,1
15334,Unknown,1
15335,Unknown,1
15341,Unknown,1
15342,Unknown,1
15343,Unknown,1
15344,Unknown,1
15345,Unknown,1
15348,Unknown,1
15349,Unknown,1
15355,Unknown,1
15360,Unknown,1
15364,Unknown,1
15368,Unknown,1
15372,Unknown,1
15374,Unknown,1
15384,Unknown,1
15385,Unknown,1
15396,Unknown,1
15398,Unknown,1
15399,Unknown,1
15400,Unknown,1
15402,Unknown,1
15411,Unknown,1
15417,Unknown,1
15419,Unknown,1
15423,Unknown,1
15427,Unknown,1
15428,Unknown,1
15429,Unknown,1
15432,Unknown,1
15434,Unknown,1
15435,Unknown,1
15438,Unknown,1
15440,Unknown,1
15444,Unknown,1
15450,Unknown,1
15458,Unknown,1
15462,Unknown,1
15463,Unknown,1
15466,Unknown,1
15467,Unknown,1
15468,Unknown,1
15469,Unknown,1
15471,Unknown,1
15472,Unknown,1
15473,Unknown,1
15475,Unknown,1
15478,Unknown,1
15480,Unknown,1
15483,Unknown,1
15484,Unknown,1
15488,Unknown,1
15489,Unknown,1
15491,Unknown,1
15492,Unknown,1
15494,Unknown,1
15500,Unknown,1
15504,Unknown,1
15505,Unknown,1
15506,Unknown,1
15511,Unknown,1
15512,Unknown,1
15516,Unknown,1
15520,Unknown,1
15522,Unknown,1
15523,Unknown,1
15524,Unknown,1
15526,Unknown,1
15531,Unknown,1
15533,Unknown,1
15535,Unknown,1
15539,Unknown,1
15540,Unknown,1
15541,Unknown,1
15551,Unknown,1
15553,Unknown,1
15556,Unknown,1
15557,Unknown,1
15561,Unknown,1
15565,Unknown,1
15567,Unknown,1
15568,Unknown,1
15571,Unknown,1
15573,Unknown,1
15576,Unknown,1
15577,Unknown,1
15582,Unknown,1
15584,Unknown,1
15592,Unknown,1
15593,Unknown,1
15597,Unknown,1
15598,Unknown,1
15599,Unknown,1
15603,Unknown,1
15604,Unknown,1
15608,Unknown,1
15610,Unknown,1
15612,Unknown,1
15618,Unknown,1
15619,Unknown,1
15621,Unknown,1
15623,Unknown,1
15624,Unknown,1
15625,Unknown,1
15630,Unknown,1
15634,Unknown,1
15636,Unknown,1
15637,Unknown,1
15639,Unknown,1
15644,Unknown,1
15645,Unknown,1
15646,Unknown,1
15652,Unknown,1
15653,Unknown,1
15654,Unknown,1
15657,Unknown,1
15659,Unknown,1
15663,Unknown,1
15664,Unknown,1
15667,Unknown,1
15675,Unknown,1
15677,Unknown,1
15678,Unknown,1
15679,Unknown,1
15683,Unknown,1
15690,Unknown,1
15692,Unknown,1
15699,Unknown,1
15704,Unknown,1
15706,Unknown,1
15707,Unknown,1
15713,Unknown,1
15714,Unknown,1
15720,Unknown,1
15721,Unknown,1
15725,Unknown,1
15730,Unknown,1
15734,Unknown,1
15739,Unknown,1
15740,Unknown,1
15743,Unknown,1
15744,Unknown,1
15746,Unknown,1
15747,Unknown,1
15748,Unknown,1
15754,Unknown,1
15757,Unknown,1
15758,Unknown,1
15762,Unknown,1
15763,Unknown,1
15766,Unknown,1
15768,Unknown,1
15773,Unknown,1
15774,Unknown,1
15776,Unknown,1
15782,Unknown,1
15783,Unknown,1
15787,Unknown,1
15790,Unknown,1
15791,Unknown,1
15795,Unknown,1
15797,Unknown,1
15800,Unknown,1
15801,Unknown,1
15802,Unknown,1
15803,Unknown,1
15807,Unknown,1
15812,Unknown,1
15814,Unknown,1
15815,Unknown,1
15821,Unknown,1
15826,Unknown,1
15829,Unknown,1
15830,Unknown,1
15836,Unknown,1
15837,Unknown,1
15839,Unknown,1
15840,Unknown,1
15844,Unknown,1
15850,Unknown,1
15853,Unknown,1
15855,Unknown,1
15857,Unknown,1
15863,Unknown,1
15865,Unknown,1
15866,Unknown,1
15870,Unknown,1
15872,Unknown,1
15877,Unknown,1
15883,Unknown,1
15885,Unknown,1
15886,Unknown,1
15888,Unknown,1
15889,Unknown,1
15895,Unknown,1
15900,Unknown,1
15901,Unknown,1
15904,Unknown,1
15920,Unknown,1
15930,Unknown,1
15933,Unknown,1
15937,Unknown,1
15938,Unknown,1
15942,Unknown,1
15947,Unknown,1
15948,Unknown,1
15949,Unknown,1
15957,Unknown,1
15958,Unknown,1
15963,Unknown,1
15969,Unknown,1
15975,Unknown,1
15977,Unknown,1
15978,Unknown,1
15980,Unknown,1
15985,Unknown,1
15986,Unknown,1
15988,Unknown,1
15992,Unknown,1
15994,Unknown,1
16000,Unknown,1
16008,Unknown,1
16009,Unknown,1
16012,Unknown,1
16015,Unknown,1
16017,Unknown,1
16018,Unknown,1
16020,Unknown,1
16024,Unknown,1
16025,Unknown,1
16026,Unknown,1
16027,Unknown,1
16031,Unknown,1
16036,Unknown,1
16038,Unknown,1
16040,Unknown,1
16041,Unknown,1
16045,Unknown,1
16049,Unknown,1
16052,Unknown,1
16053,Unknown,1
16054,Unknown,1
16056,Unknown,1
16066,Unknown,1
16070,Unknown,1
16071,Unknown,1
16079,Unknown,1
16080,Unknown,1
16091,Unknown,1
16092,Unknown,1
16093,Unknown,1
16099,Unknown,1
16101,Unknown,1
16102,Unknown,1
16104,Unknown,1
16106,Unknown,1
16107,Unknown,1
16108,Unknown,1
16112,Unknown,1
16119,Unknown,1
16120,Unknown,1
16123,Unknown,1
16127,Unknown,1
16136,Unknown,1
16139,Unknown,1
16141,Unknown,1
16146,Unknown,1
16147,Unknown,1
16149,Unknown,1
16157,Unknown,1
16160,Unknown,1
16164,Unknown,1
16169,Unknown,1
16171,Unknown,1
16172,Unknown,1
16173,Unknown,1
16174,Unknown,1
16175,Unknown,1
16177,Unknown,1
16178,Unknown,1
16179,Unknown,1
16181,Unknown,1
16183,Unknown,1
16184,Unknown,1
16185,Unknown,1
16189,Unknown,1
16190,Unknown,1
16198,Unknown,1
16201,Unknown,1
16204,Unknown,1
16205,Unknown,1
16207,Unknown,1
16209,Unknown,1
16211,Unknown,1
16213,Unknown,1
16215,Unknown,1
16229,Unknown,1
16232,Unknown,1
16236,Unknown,1
16239,Unknown,1
16240,Unknown,1
16243,Unknown,1
16248,Unknown,1
16260,Unknown,1
16266,Unknown,1
16268,Unknown,1
16272,Unknown,1
16278,Unknown,1
16279,Unknown,1
16281,Unknown,1
16284,Unknown,1
16292,Unknown,1
16295,Unknown,1
16298,Unknown,1
16302,Unknown,1
16305,Unknown,1
16309,Unknown,1
16311,Unknown,1
16313,Unknown,1
16317,Unknown,1
16318,Unknown,1
16322,Unknown,1
16324,Unknown,1
16325,Unknown,1
16330,Unknown,1
16337,Unknown,1
16340,Unknown,1
16341,Unknown,1
16342,Unknown,1
16343,Unknown,1
16345,Unknown,1
16347,Unknown,1
16352,Unknown,1
16354,Unknown,1
16357,Unknown,1
16361,Unknown,1
16362,Unknown,1
16363,Unknown,1
16364,Unknown,1
16366,Unknown,1
16368,Unknown,1
16372,Unknown,1
16376,Unknown,1
16379,Unknown,1
16380,Unknown,1
16383,Unknown,1
16384,Unknown,1
16398,Unknown,1
16400,Unknown,1
16404,Unknown,1
16406,Unknown,1
16412,Unknown,1
16413,Unknown,1
16415,Unknown,1
16416,Unknown,1
16418,Unknown,1
16419,Unknown,1
16423,Unknown,1
16429,Unknown,1
16430,Unknown,1
16432,Unknown,1
16433,Unknown,1
16438,Unknown,1
16441,Unknown,1
16445,Unknown,1
16447,Unknown,1
16450,Unknown,1
16451,Unknown,1
16454,Unknown,1
16460,Unknown,1
16464,Unknown,1
16468,Unknown,1
16473,Unknown,1
16475,Unknown,1
16478,Unknown,1
16479,Unknown,1
16480,Unknown,1
16482,Unknown,1
16485,Unknown,1
16488,Unknown,1
16491,Unknown,1
16504,Unknown,1
16505,Unknown,1
16506,Unknown,1
16513,Unknown,1
16516,Unknown,1
16518,Unknown,1
16527,Unknown,1
16528,Unknown,1
16533,Unknown,1
16535,Unknown,1
16536,Unknown,1
16542,Unknown,1
16555,Unknown,1
16557,Unknown,1
16561,Unknown,1
16563,Unknown,1
16569,Unknown,1
16572,Unknown,1
16573,Unknown,1
16574,Unknown,1
16582,Unknown,1
16584,Unknown,1
16589,Unknown,1
16591,Unknown,1
16594,Unknown,1
16595,Unknown,1
16597,Unknown,1
16601,Unknown,1
16602,Unknown,1
16603,Unknown,1
16613,Unknown,1
16616,Unknown,1
16624,Unknown,1
16627,Unknown,1
16629,Unknown,1
16639,Unknown,1
16641,Unknown,1
16642,Unknown,1
16648,Unknown,1
16650,Unknown,1
16653,Unknown,1
16654,Unknown,1
16666,Unknown,1
16667,Unknown,1
16669,Unknown,1
16671,Unknown,1
16674,Unknown,1
16680,Unknown,1
16681,Unknown,1
16682,Unknown,1
16685,Unknown,1
16688,Unknown,1
16689,Unknown,1
16690,Unknown,1
16693,Unknown,1
16696,Unknown,1
16706,Unknown,1
16708,Unknown,1
16715,Unknown,1
16720,Unknown,1
16723,Unknown,1
16732,Unknown,1
16734,Unknown,1
16737,Unknown,1
16742,Unknown,1
16747,Unknown,1
16751,Unknown,1
16753,Unknown,1
16758,Unknown,1
16759,Unknown,1
16761,Unknown,1
16762,Unknown,1
16773,Unknown,1
16774,Unknown,1
16776,Unknown,1
16777,Unknown,1
16778,Unknown,1
16780,Unknown,1
16784,Unknown,1
16788,Unknown,1
16789,Unknown,1
16790,Unknown,1
16793,Unknown,1
16796,Unknown,1
16800,Unknown,1
16801,Unknown,1
16803,Unknown,1
16805,Unknown,1
16806,Unknown,1
16807,Unknown,1
16808,Unknown,1
16811,Unknown,1
16820,Unknown,1
16824,Unknown,1
16825,Unknown,1
16826,Unknown,1
16828,Unknown,1
16830,Unknown,1
16836,Unknown,1
16842,Unknown,1
16846,Unknown,1
16847,Unknown,1
16848,Unknown,1
16851,Unknown,1
16852,Unknown,1
16855,Unknown,1
16856,Unknown,1
16859,Unknown,1
16861,Unknown,1
16866,Unknown,1
16872,Unknown,1
16878,Unknown,1
16881,Unknown,1
16884,Unknown,1
16887,Unknown,1
16895,Unknown,1
16900,Unknown,1
16902,Unknown,1
16903,Unknown,1
16906,Unknown,1
16909,Unknown,1
16914,Unknown,1
16921,Unknown,1
16924,Unknown,1
16929,Unknown,1
16930,Unknown,1
16932,Unknown,1
16934,Unknown,1
16936,Unknown,1
16948,Unknown,1
16951,Unknown,1
16952,Unknown,1
16953,Unknown,1
16956,Unknown,1
16959,Unknown,1
16961,Unknown,1
16968,Unknown,1
16969,Unknown,1
16971,Unknown,1
16978,Unknown,1
16982,Unknown,1
16986,Unknown,1
16988,Unknown,1
16989,Unknown,1
16998,Unknown,1
16999,Unknown,1
17002,Unknown,1
17004,Unknown,1
17006,Unknown,1
17010,Unknown,1
17011,Unknown,1
17014,Unknown,1
17022,Unknown,1
17024,Unknown,1
17026,Unknown,1
17030,Unknown,1
17031,Unknown,1
17037,Unknown,1
17038,Unknown,1
17040,Unknown,1
17044,Unknown,1
17045,Unknown,1
17047,Unknown,1
17048,Unknown,1
17052,Unknown,1
17053,Unknown,1
17058,Unknown,1
17070,Unknown,1
17073,Unknown,1
17078,Unknown,1
17079,Unknown,1
17081,Unknown,1
17083,Unknown,1
17084,Unknown,1
17086,Unknown,1
17100,Unknown,1
17101,Unknown,1
17105,Unknown,1
17111,Unknown,1
17119,Unknown,1
17122,Unknown,1
17125,Unknown,1
17131,Unknown,1
17134,Unknown,1
17144,Unknown,1
17148,Unknown,1
17153,Unknown,1
17154,Unknown,1
17155,Unknown,1
17157,Unknown,1
17159,Unknown,1
17163,Unknown,1
17166,Unknown,1
17169,Unknown,1
17172,Unknown,1
17173,Unknown,1
17183,Unknown,1
17186,Unknown,1
17190,Unknown,1
17193,Unknown,1
17197,Unknown,1
17201,Unknown,1
17203,Unknown,1
17205,Unknown,1
17206,Unknown,1
17219,Unknown,1
17221,Unknown,1
17222,Unknown,1
17229,Unknown,1
17232,Unknown,1
17233,Unknown,1
17237,Unknown,1
17242,Unknown,1
17244,Unknown,1
17247,Unknown,1
17248,Unknown,1
17252,Unknown,1
17253,Unknown,1
17254,Unknown,1
17256,Unknown,1
17265,Unknown,1
17266,Unknown,1
17267,Unknown,1
17268,Unknown,1
17274,Unknown,1
17279,Unknown,1
17282,Unknown,1
17286,Unknown,1
17289,Unknown,1
17290,Unknown,1
17295,Unknown,1
17297,Unknown,1
17298,Unknown,1
17299,Unknown,1
17301,Unknown,1
17309,Unknown,1
17312,Unknown,1
17313,Unknown,1
17317,Unknown,1
17321,Unknown,1
17330,Unknown,1
17331,Unknown,1
17333,Unknown,1
17344,Unknown,1
17345,Unknown,1
17347,Unknown,1
17350,Unknown,1
17353,Unknown,1
17354,Unknown,1
17357,Unknown,1
17359,Unknown,1
17370,Unknown,1
17379,Unknown,1
17382,Unknown,1
17383,Unknown,1
17384,Unknown,1
17385,Unknown,1
17386,Unknown,1
17387,Unknown,1
17388,Unknown,1
17397,Unknown,1
17398,Unknown,1
17403,Unknown,1
17405,Unknown,1
17414,Unknown,1
17415,Unknown,1
17423,Unknown,1
17425,Unknown,1
17427,Unknown,1
17429,Unknown,1
17432,Unknown,1
17433,Unknown,1
17434,Unknown,1
17440,Unknown,1
17444,Unknown,1
17447,Unknown,1
17451,Unknown,1
17453,Unknown,1
17457,Unknown,1
17458,Unknown,1
17459,Unknown,1
17461,Unknown,1
17462,Unknown,1
17466,Unknown,1
17468,Unknown,1
17475,Unknown,1
17480,Unknown,1
17481,Unknown,1
17483,Unknown,1
17489,Unknown,1
17495,Unknown,1
17498,Unknown,1
17500,Unknown,1
17502,Unknown,1
17503,Unknown,1
17506,Unknown,1
17509,Unknown,1
17510,Unknown,1
17513,Unknown,1
17514,Unknown,1
17520,Unknown,1
17521,Unknown,1
17523,Unknown,1
17527,Unknown,1
17534,Unknown,1
17538,Unknown,1
17545,Unknown,1
17549,Unknown,1
17553,Unknown,1
17554,Unknown,1
17557,Unknown,1
17560,Unknown,1
17561,Unknown,1
17562,Unknown,1
17564,Unknown,1
17566,Unknown,1
17573,Unknown,1
17579,Unknown,1
17584,Unknown,1
17588,Unknown,1
17590,Unknown,1
17594,Unknown,1
17595,Unknown,1
17600,Unknown,1
17603,Unknown,1
17608,Unknown,1
17614,Unknown,1
17615,Unknown,1
17620,Unknown,1
17623,Unknown,1
17624,Unknown,1
17628,Unknown,1
17633,Unknown,1
17636,Unknown,1
17637,Unknown,1
17640,Unknown,1
17642,Unknown,1
17647,Unknown,1
17649,Unknown,1
17650,Unknown,1
17653,Unknown,1
17656,Unknown,1
17658,Unknown,1
17660,Unknown,1
17664,Unknown,1
17666,Unknown,1
17668,Unknown,1
17679,Unknown,1
17680,Unknown,1
17684,Unknown,1
17693,Unknown,1
17694,Unknown,1
17695,Unknown,1
17702,Unknown,1
17703,Unknown,1
17707,Unknown,1
17712,Unknown,1
17723,Unknown,1
17724,Unknown,1
17727,Unknown,1
17728,Unknown,1
17731,Unknown,1
17733,Unknown,1
17734,Unknown,1
17736,Unknown,1
17737,Unknown,1
17742,Unknown,1
17747,Unknown,1
17759,Unknown,1
17761,Unknown,1
17764,Unknown,1
17765,Unknown,1
17767,Unknown,1
17768,Unknown,1
17772,Unknown,1
17777,Unknown,1
17779,Unknown,1
17781,Unknown,1
17783,Unknown,1
17785,Unknown,1
17788,Unknown,1
17791,Unknown,1
17793,Unknown,1
17797,Unknown,1
17805,Unknown,1
17806,Unknown,1
17824,Unknown,1
17828,Unknown,1
17831,Unknown,1
17832,Unknown,1
17835,Unknown,1
17836,Unknown,1
17837,Unknown,1
17839,Unknown,1
17844,Unknown,1
17846,Unknown,1
17852,Unknown,1
17866,Unknown,1
17878,Unknown,1
17885,Unknown,1
17887,Unknown,1
17892,Unknown,1
17895,Unknown,1
17896,Unknown,1
17898,Unknown,1
17901,Unknown,1
17904,Unknown,1
17911,Unknown,1
17914,Unknown,1
17919,Unknown,1
17926,Unknown,1
17928,Unknown,1
17930,Unknown,1
17931,Unknown,1
17934,Unknown,1
17935,Unknown,1
17936,Unknown,1
17941,Unknown,1
17942,Unknown,1
17947,Unknown,1
17948,Unknown,1
17957,Unknown,1
17958,Unknown,1
17962,Unknown,1
17969,Unknown,1
17973,Unknown,1
17977,Unknown,1
17980,Unknown,1
17984,Unknown,1
17985,Unknown,1
17986,Unknown,1
17994,Unknown,1
17997,Unknown,1
18001,Unknown,1
18005,Unknown,1
18006,Unknown,1
18014,Unknown,1
18015,Unknown,1
18018,Unknown,1
18019,Unknown,1
18022,Unknown,1
18027,Unknown,1
18030,Unknown,1
18033,Unknown,1
18034,Unknown,1
18035,Unknown,1
18037,Unknown,1
18042,Unknown,1
18045,Unknown,1
18053,Unknown,1
18058,Unknown,1
18059,Unknown,1
18062,Unknown,1
18064,Unknown,1
18066,Unknown,1
18067,Unknown,1
18073,Unknown,1
18081,Unknown,1
18082,Unknown,1
18084,Unknown,1
18088,Unknown,1
18093,Unknown,1
18096,Unknown,1
18099,Unknown,1
18101,Unknown,1
18104,Unknown,1
18105,Unknown,1
18110,Unknown,1
18112,Unknown,1
18117,Unknown,1
18121,Unknown,1
18123,Unknown,1
18126,Unknown,1
18127,Unknown,1
18130,Unknown,1
18135,Unknown,1
18139,Unknown,1
18142,Unknown,1
18143,Unknown,1
18146,Unknown,1
18147,Unknown,1
18149,Unknown,1
18150,Unknown,1
18151,Unknown,1
18154,Unknown,1
18155,Unknown,1
18158,Unknown,1
18160,Unknown,1
18164,Unknown,1
18167,Unknown,1
18169,Unknown,1
18170,Unknown,1
18173,Unknown,1
18174,Unknown,1
18181,Unknown,1
18184,Unknown,1
18189,Unknown,1
18192,Unknown,1
18194,Unknown,1
18200,Unknown,1
18204,Unknown,1
18205,Unknown,1
18209,Unknown,1
18215,Unknown,1
18216,Unknown,1
18217,Unknown,1
18222,Unknown,1
18228,Unknown,1
18232,Unknown,1
18235,Unknown,1
18237,Unknown,1
18240,Unknown,1
18242,Unknown,1
18248,Unknown,1
18249,Unknown,1
18251,Unknown,1
18252,Unknown,1
18255,Unknown,1
18261,Unknown,1
18262,Unknown,1
18265,Unknown,1
18268,Unknown,1
18274,Unknown,1
18276,Unknown,1
18277,Unknown,1
18278,Unknown,1
18282,Unknown,1
18287,Unknown,1
12415,Unknown,2
12748,Unknown,2
13089,Unknown,2
13694,Unknown,2
14096,Unknown,2
14156,Unknown,2
14298,Unknown,2
14606,Unknown,2
14646,Unknown,2
14911,Unknown,2
15311,Unknown,2
16029,Unknown,2
16446,Unknown,2
17450,Unknown,2
17511,Unknown,2
17841,Unknown,2
18102,Unknown,2
12347,Unknown,3
12348,Unknown,3
12352,Unknown,3
12356,Unknown,3
12359,Unknown,3
12362,Unknown,3
12370,Unknown,3
12372,Unknown,3
12388,Unknown,3
12393,Unknown,3
12395,Unknown,3
12407,Unknown,3
12408,Unknown,3
12413,Unknown,3
12417,Unknown,3
12421,Unknown,3
12422,Unknown,3
12423,Unknown,3
12427,Unknown,3
12428,Unknown,3
12429,Unknown,3
12431,Unknown,3
12433,Unknown,3
12437,Unknown,3
12444,Unknown,3
12449,Unknown,3
12451,Unknown,3
12455,Unknown,3
12456,Unknown,3
12462,Unknown,3
12464,Unknown,3
12471,Unknown,3
12472,Unknown,3
12473,Unknown,3
12474,Unknown,3
12476,Unknown,3
12477,Unknown,3
12480,Unknown,3
12481,Unknown,3
12483,Unknown,3
12484,Unknown,3
12490,Unknown,3
12494,Unknown,3
12500,Unknown,3
12502,Unknown,3
12517,Unknown,3
12520,Unknown,3
12523,Unknown,3
12524,Unknown,3
12527,Unknown,3
12528,Unknown,3
12530,Unknown,3
12539,Unknown,3
12540,Unknown,3
12541,Unknown,3
12553,Unknown,3
12557,Unknown,3
12562,Unknown,3
12567,Unknown,3
12569,Unknown,3
12576,Unknown,3
12577,Unknown,3
12578,Unknown,3
12583,Unknown,3
12584,Unknown,3
12594,Unknown,3
12597,Unknown,3
12598,Unknown,3
12599,Unknown,3
12600,Unknown,3
12609,Unknown,3
12613,Unknown,3
12619,Unknown,3
12620,Unknown,3
12621,Unknown,3
12626,Unknown,3
12627,Unknown,3
12633,Unknown,3
12637,Unknown,3
12645,Unknown,3
12647,Unknown,3
12654,Unknown,3
12656,Unknown,3
12662,Unknown,3
12664,Unknown,3
12668,Unknown,3
12670,Unknown,3
12673,Unknown,3
12676,Unknown,3
12678,Unknown,3
12679,Unknown,3
12681,Unknown,3
12682,Unknown,3
12683,Unknown,3
12684,Unknown,3
12691,Unknown,3
12700,Unknown,3
12704,Unknown,3
12705,Unknown,3
12708,Unknown,3
12709,Unknown,3
12712,Unknown,3
12714,Unknown,3
12720,Unknown,3
12721,Unknown,3
12724,Unknown,3
12726,Unknown,3
12727,Unknown,3
12728,Unknown,3
12731,Unknown,3
12744,Unknown,3
12747,Unknown,3
12749,Unknown,3
12753,Unknown,3
12757,Unknown,3
12759,Unknown,3
12766,Unknown,3
12775,Unknown,3
12778,Unknown,3
12779,Unknown,3
12782,Unknown,3
12808,Unknown,3
12820,Unknown,3
12823,Unknown,3
12826,Unknown,3
12836,Unknown,3
12838,Unknown,3
12839,Unknown,3
12841,Unknown,3
12842,Unknown,3
12843,Unknown,3
12849,Unknown,3
12854,Unknown,3
12867,Unknown,3
12877,Unknown,3
12901,Unknown,3
12909,Unknown,3
12910,Unknown,3
12913,Unknown,3
12921,Unknown,3
12924,Unknown,3
12928,Unknown,3
12931,Unknown,3
12933,Unknown,3
12935,Unknown,3
12937,Unknown,3
12939,Unknown,3
12942,Unknown,3
12944,Unknown,3
12947,Unknown,3
12948,Unknown,3
12949,Unknown,3
12951,Unknown,3
12955,Unknown,3
12957,Unknown,3
12963,Unknown,3
12970,Unknown,3
12971,Unknown,3
12980,Unknown,3
12989,Unknown,3
12990,Unknown,3
12993,Unknown,3
12994,Unknown,3
12997,Unknown,3
13000,Unknown,3
13001,Unknown,3
13004,Unknown,3
13012,Unknown,3
13013,Unknown,3
13014,Unknown,3
13015,Unknown,3
13018,Unknown,3
13021,Unknown,3
13026,Unknown,3
13027,Unknown,3
13029,Unknown,3
13030,Unknown,3
13034,Unknown,3
13046,Unknown,3
13047,Unknown,3
13048,Unknown,3
13049,Unknown,3
13050,Unknown,3
13064,Unknown,3
13069,Unknown,3
13077,Unknown,3
13078,Unknown,3
13081,Unknown,3
13082,Unknown,3
13090,Unknown,3
13092,Unknown,3
13094,Unknown,3
13097,Unknown,3
13098,Unknown,3
13102,Unknown,3
13104,Unknown,3
13107,Unknown,3
13110,Unknown,3
13113,Unknown,3
13115,Unknown,3
13117,Unknown,3
13118,Unknown,3
13124,Unknown,3
13126,Unknown,3
13137,Unknown,3
13138,Unknown,3
13139,Unknown,3
13140,Unknown,3
13141,Unknown,3
13148,Unknown,3
13149,Unknown,3
13155,Unknown,3
13157,Unknown,3
13158,Unknown,3
13162,Unknown,3
13165,Unknown,3
13168,Unknown,3
13171,Unknown,3
13173,Unknown,3
13174,Unknown,3
13178,Unknown,3
13183,Unknown,3
13184,Unknown,3
13196,Unknown,3
13198,Unknown,3
13199,Unknown,3
13203,Unknown,3
13208,Unknown,3
13209,Unknown,3
13211,Unknown,3
13225,Unknown,3
13230,Unknown,3
13232,Unknown,3
13233,Unknown,3
13238,Unknown,3
13240,Unknown,3
13246,Unknown,3
13255,Unknown,3
13263,Unknown,3
13265,Unknown,3
13266,Unknown,3
13267,Unknown,3
13268,Unknown,3
13269,Unknown,3
13280,Unknown,3
13285,Unknown,3
13292,Unknown,3
13305,Unknown,3
13309,Unknown,3
13310,Unknown,3
13313,Unknown,3
13316,Unknown,3
13317,Unknown,3
13319,Unknown,3
13324,Unknown,3
13327,Unknown,3
13329,Unknown,3
13334,Unknown,3
13340,Unknown,3
13344,Unknown,3
13362,Unknown,3
13365,Unknown,3
13373,Unknown,3
13381,Unknown,3
13384,Unknown,3
13389,Unknown,3
13394,Unknown,3
13396,Unknown,3
13397,Unknown,3
13402,Unknown,3
13405,Unknown,3
13408,Unknown,3
13410,Unknown,3
13418,Unknown,3
13421,Unknown,3
13426,Unknown,3
13435,Unknown,3
13437,Unknown,3
13448,Unknown,3
13451,Unknown,3
13455,Unknown,3
13456,Unknown,3
13458,Unknown,3
13468,Unknown,3
13473,Unknown,3
13477,Unknown,3
13481,Unknown,3
13487,Unknown,3
13488,Unknown,3
13491,Unknown,3
13495,Unknown,3
13496,Unknown,3
13499,Unknown,3
13502,Unknown,3
13505,Unknown,3
13507,Unknown,3
13509,Unknown,3
13510,Unknown,3
13516,Unknown,3
13520,Unknown,3
13521,Unknown,3
13523,Unknown,3
13525,Unknown,3
13527,Unknown,3
13534,Unknown,3
13538,Unknown,3
13544,Unknown,3
13546,Unknown,3
13549,Unknown,3
13552,Unknown,3
13557,Unknown,3
13564,Unknown,3
13565,Unknown,3
13569,Unknown,3
13571,Unknown,3
13576,Unknown,3
13577,Unknown,3
13579,Unknown,3
13588,Unknown,3
13590,Unknown,3
13592,Unknown,3
13593,Unknown,3
13599,Unknown,3
13606,Unknown,3
13610,Unknown,3
13611,Unknown,3
13614,Unknown,3
13623,Unknown,3
13627,Unknown,3
13629,Unknown,3
13630,Unknown,3
13632,Unknown,3
13634,Unknown,3
13636,Unknown,3
13647,Unknown,3
13650,Unknown,3
13652,Unknown,3
13654,Unknown,3
13658,Unknown,3
13666,Unknown,3
13668,Unknown,3
13680,Unknown,3
13692,Unknown,3
13695,Unknown,3
13700,Unknown,3
13705,Unknown,3
13709,Unknown,3
13717,Unknown,3
13719,Unknown,3
13725,Unknown,3
13728,Unknown,3
13735,Unknown,3
13736,Unknown,3
13742,Unknown,3
13743,Unknown,3
13748,Unknown,3
13750,Unknown,3
13755,Unknown,3
13756,Unknown,3
13758,Unknown,3
13764,Unknown,3
13767,Unknown,3
13769,Unknown,3
13771,Unknown,3
13772,Unknown,3
13777,Unknown,3
13782,Unknown,3
13784,Unknown,3
13787,Unknown,3
13798,Unknown,3
13804,Unknown,3
13815,Unknown,3
13817,Unknown,3
13824,Unknown,3
13831,Unknown,3
13838,Unknown,3
13842,Unknown,3
13846,Unknown,3
13854,Unknown,3
13862,Unknown,3
13865,Unknown,3
13869,Unknown,3
13870,Unknown,3
13871,Unknown,3
13875,Unknown,3
13880,Unknown,3
13881,Unknown,3
13883,Unknown,3
13884,Unknown,3
13890,Unknown,3
13892,Unknown,3
13894,Unknown,3
13899,Unknown,3
13901,Unknown,3
13904,Unknown,3
13908,Unknown,3
13911,Unknown,3
13939,Unknown,3
13941,Unknown,3
13950,Unknown,3
13953,Unknown,3
13956,Unknown,3
13959,Unknown,3
13962,Unknown,3
13969,Unknown,3
13971,Unknown,3
13975,Unknown,3
13982,Unknown,3
13983,Unknown,3
13984,Unknown,3
13985,Unknown,3
13988,Unknown,3
13993,Unknown,3
13994,Unknown,3
13995,Unknown,3
13999,Unknown,3
14001,Unknown,3
14004,Unknown,3
14005,Unknown,3
14016,Unknown,3
14023,Unknown,3
14030,Unknown,3
14031,Unknown,3
14032,Unknown,3
14035,Unknown,3
14040,Unknown,3
14044,Unknown,3
14045,Unknown,3
14047,Unknown,3
14049,Unknown,3
14051,Unknown,3
14056,Unknown,3
14057,Unknown,3
14060,Unknown,3
14062,Unknown,3
14064,Unknown,3
14071,Unknown,3
14075,Unknown,3
14077,Unknown,3
14078,Unknown,3
14083,Unknown,3
14085,Unknown,3
14088,Unknown,3
14092,Unknown,3
14099,Unknown,3
14101,Unknown,3
14107,Unknown,3
14110,Unknown,3
14111,Unknown,3
14112,Unknown,3
14113,Unknown,3
14129,Unknown,3
14132,Unknown,3
14135,Unknown,3
14146,Unknown,3
14147,Unknown,3
14150,Unknown,3
14157,Unknown,3
14159,Unknown,3
14167,Unknown,3
14173,Unknown,3
14175,Unknown,3
14178,Unknown,3
14180,Unknown,3
14188,Unknown,3
14189,Unknown,3
14191,Unknown,3
14194,Unknown,3
14198,Unknown,3
14201,Unknown,3
14205,Unknown,3
14209,Unknown,3
14210,Unknown,3
14211,Unknown,3
14214,Unknown,3
14215,Unknown,3
14217,Unknown,3
14221,Unknown,3
14224,Unknown,3
14226,Unknown,3
14227,Unknown,3
14229,Unknown,3
14232,Unknown,3
14233,Unknown,3
14235,Unknown,3
14236,Unknown,3
14239,Unknown,3
14243,Unknown,3
14257,Unknown,3
14258,Unknown,3
14262,Unknown,3
14277,Unknown,3
14282,Unknown,3
14286,Unknown,3
14289,Unknown,3
14290,Unknown,3
14291,Unknown,3
14292,Unknown,3
14293,Unknown,3
14297,Unknown,3
14299,Unknown,3
14307,Unknown,3
14309,Unknown,3
14312,Unknown,3
14315,Unknown,3
14321,Unknown,3
14329,Unknown,3
14334,Unknown,3
14336,Unknown,3
14341,Unknown,3
14344,Unknown,3
14367,Unknown,3
14379,Unknown,3
14388,Unknown,3
14390,Unknown,3
14395,Unknown,3
14396,Unknown,3
14397,Unknown,3
14401,Unknown,3
14404,Unknown,3
14408,Unknown,3
14409,Unknown,3
14410,Unknown,3
14414,Unknown,3
14415,Unknown,3
14419,Unknown,3
14422,Unknown,3
14426,Unknown,3
14428,Unknown,3
14432,Unknown,3
14440,Unknown,3
14441,Unknown,3
14443,Unknown,3
14446,Unknown,3
14447,Unknown,3
14448,Unknown,3
14449,Unknown,3
14456,Unknown,3
14462,Unknown,3
14466,Unknown,3
14467,Unknown,3
14470,Unknown,3
14472,Unknown,3
14475,Unknown,3
14477,Unknown,3
14482,Unknown,3
14487,Unknown,3
14498,Unknown,3
14499,Unknown,3
14502,Unknown,3
14503,Unknown,3
14504,Unknown,3
14505,Unknown,3
14506,Unknown,3
14507,Unknown,3
14514,Unknown,3
14515,Unknown,3
14524,Unknown,3
14525,Unknown,3
14527,Unknown,3
14530,Unknown,3
14533,Unknown,3
14534,Unknown,3
14535,Unknown,3
14540,Unknown,3
14541,Unknown,3
14543,Unknown,3
14544,Unknown,3
14546,Unknown,3
14547,Unknown,3
14553,Unknown,3
14555,Unknown,3
14560,Unknown,3
14562,Unknown,3
14565,Unknown,3
14572,Unknown,3
14573,Unknown,3
14577,Unknown,3
14583,Unknown,3
14587,Unknown,3
14591,Unknown,3
14593,Unknown,3
14594,Unknown,3
14595,Unknown,3
14607,Unknown,3
14608,Unknown,3
14618,Unknown,3
14621,Unknown,3
14623,Unknown,3
14626,Unknown,3
14631,Unknown,3
14636,Unknown,3
14639,Unknown,3
14640,Unknown,3
14649,Unknown,3
14653,Unknown,3
14655,Unknown,3
14657,Unknown,3
14659,Unknown,3
14662,Unknown,3
14665,Unknown,3
14667,Unknown,3
14673,Unknown,3
14676,Unknown,3
14680,Unknown,3
14684,Unknown,3
14688,Unknown,3
14696,Unknown,3
14700,Unknown,3
14701,Unknown,3
14702,Unknown,3
14704,Unknown,3
14708,Unknown,3
14709,Unknown,3
14711,Unknown,3
14713,Unknown,3
14715,Unknown,3
14719,Unknown,3
14723,Unknown,3
14730,Unknown,3
14732,Unknown,3
14733,Unknown,3
14735,Unknown,3
14737,Unknown,3
14738,Unknown,3
14739,Unknown,3
14741,Unknown,3
14744,Unknown,3
14748,Unknown,3
14754,Unknown,3
14755,Unknown,3
14759,Unknown,3
14761,Unknown,3
14766,Unknown,3
14769,Unknown,3
14775,Unknown,3
14776,Unknown,3
14784,Unknown,3
14790,Unknown,3
14794,Unknown,3
14796,Unknown,3
14798,Unknown,3
14800,Unknown,3
14805,Unknown,3
14808,Unknown,3
14810,Unknown,3
14825,Unknown,3
14829,Unknown,3
14834,Unknown,3
14841,Unknown,3
14842,Unknown,3
14844,Unknown,3
14849,Unknown,3
14851,Unknown,3
14852,Unknown,3
14854,Unknown,3
14866,Unknown,3
14868,Unknown,3
14871,Unknown,3
14878,Unknown,3
14883,Unknown,3
14895,Unknown,3
14897,Unknown,3
14898,Unknown,3
14901,Unknown,3
14903,Unknown,3
14907,Unknown,3
14912,Unknown,3
14913,Unknown,3
14916,Unknown,3
14931,Unknown,3
14936,Unknown,3
14944,Unknown,3
14948,Unknown,3
14952,Unknown,3
14959,Unknown,3
14961,Unknown,3
14963,Unknown,3
14970,Unknown,3
14976,Unknown,3
14978,Unknown,3
14995,Unknown,3
15002,Unknown,3
15005,Unknown,3
15012,Unknown,3
15018,Unknown,3
15021,Unknown,3
15023,Unknown,3
15024,Unknown,3
15028,Unknown,3
15031,Unknown,3
15033,Unknown,3
15034,Unknown,3
15038,Unknown,3
15039,Unknown,3
15044,Unknown,3
15046,Unknown,3
15048,Unknown,3
15053,Unknown,3
15058,Unknown,3
15059,Unknown,3
15061,Unknown,3
15062,Unknown,3
15065,Unknown,3
15067,Unknown,3
15068,Unknown,3
15078,Unknown,3
15081,Unknown,3
15089,Unknown,3
15093,Unknown,3
15101,Unknown,3
15106,Unknown,3
15110,Unknown,3
15111,Unknown,3
15114,Unknown,3
15117,Unknown,3
15121,Unknown,3
15123,Unknown,3
15125,Unknown,3
15129,Unknown,3
15132,Unknown,3
15134,Unknown,3
15140,Unknown,3
15144,Unknown,3
15145,Unknown,3
15150,Unknown,3
15152,Unknown,3
15157,Unknown,3
15159,Unknown,3
15164,Unknown,3
15172,Unknown,3
15179,Unknown,3
15187,Unknown,3
15189,Unknown,3
15192,Unknown,3
15194,Unknown,3
15197,Unknown,3
15199,Unknown,3
15203,Unknown,3
15206,Unknown,3
15208,Unknown,3
15211,Unknown,3
15214,Unknown,3
15218,Unknown,3
15220,Unknown,3
15227,Unknown,3
15228,Unknown,3
15237,Unknown,3
15240,Unknown,3
15241,Unknown,3
15249,Unknown,3
15251,Unknown,3
15260,Unknown,3
15270,Unknown,3
15271,Unknown,3
15281,Unknown,3
15288,Unknown,3
15289,Unknown,3
15290,Unknown,3
15291,Unknown,3
15296,Unknown,3
15298,Unknown,3
15299,Unknown,3
15301,Unknown,3
15304,Unknown,3
15312,Unknown,3
15321,Unknown,3
15339,Unknown,3
15351,Unknown,3
15356,Unknown,3
15358,Unknown,3
15365,Unknown,3
15366,Unknown,3
15367,Unknown,3
15370,Unknown,3
15373,Unknown,3
15376,Unknown,3
15379,Unknown,3
15380,Unknown,3
15382,Unknown,3
15392,Unknown,3
15393,Unknown,3
15394,Unknown,3
15406,Unknown,3
15407,Unknown,3
15410,Unknown,3
15414,Unknown,3
15416,Unknown,3
15421,Unknown,3
15426,Unknown,3
15436,Unknown,3
15443,Unknown,3
15449,Unknown,3
15452,Unknown,3
15453,Unknown,3
15465,Unknown,3
15482,Unknown,3
15485,Unknown,3
15493,Unknown,3
15497,Unknown,3
15498,Unknown,3
15502,Unknown,3
15513,Unknown,3
15514,Unknown,3
15518,Unknown,3
15521,Unknown,3
15525,Unknown,3
15527,Unknown,3
15529,Unknown,3
15530,Unknown,3
15532,Unknown,3
15544,Unknown,3
15545,Unknown,3
15547,Unknown,3
15549,Unknown,3
15550,Unknown,3
15555,Unknown,3
15563,Unknown,3
15569,Unknown,3
15570,Unknown,3
15572,Unknown,3
15574,Unknown,3
15579,Unknown,3
15581,Unknown,3
15587,Unknown,3
15594,Unknown,3
15596,Unknown,3
15601,Unknown,3
15602,Unknown,3
15605,Unknown,3
15606,Unknown,3
15611,Unknown,3
15615,Unknown,3
15620,Unknown,3
15622,Unknown,3
15626,Unknown,3
15628,Unknown,3
15632,Unknown,3
15640,Unknown,3
15641,Unknown,3
15651,Unknown,3
15656,Unknown,3
15660,Unknown,3
15669,Unknown,3
15671,Unknown,3
15673,Unknown,3
15674,Unknown,3
15676,Unknown,3
15680,Unknown,3
15681,Unknown,3
15687,Unknown,3
15689,Unknown,3
15694,Unknown,3
15696,Unknown,3
15701,Unknown,3
15708,Unknown,3
15712,Unknown,3
15716,Unknown,3
15719,Unknown,3
15722,Unknown,3
15727,Unknown,3
15737,Unknown,3
15738,Unknown,3
15745,Unknown,3
15750,Unknown,3
15752,Unknown,3
15755,Unknown,3
15756,Unknown,3
15764,Unknown,3
15769,Unknown,3
15781,Unknown,3
15785,Unknown,3
15786,Unknown,3
15793,Unknown,3
15796,Unknown,3
15799,Unknown,3
15804,Unknown,3
15805,Unknown,3
15806,Unknown,3
15809,Unknown,3
15810,Unknown,3
15811,Unknown,3
15819,Unknown,3
15822,Unknown,3
15827,Unknown,3
15831,Unknown,3
15834,Unknown,3
15835,Unknown,3
15838,Unknown,3
15841,Unknown,3
15845,Unknown,3
15847,Unknown,3
15854,Unknown,3
15856,Unknown,3
15858,Unknown,3
15860,Unknown,3
15861,Unknown,3
15862,Unknown,3
15864,Unknown,3
15867,Unknown,3
15874,Unknown,3
15898,Unknown,3
15903,Unknown,3
15906,Unknown,3
15907,Unknown,3
15910,Unknown,3
15916,Unknown,3
15919,Unknown,3
15932,Unknown,3
15939,Unknown,3
15950,Unknown,3
15951,Unknown,3
15952,Unknown,3
15953,Unknown,3
15955,Unknown,3
15965,Unknown,3
15967,Unknown,3
15971,Unknown,3
15974,Unknown,3
15981,Unknown,3
15983,Unknown,3
15984,Unknown,3
15987,Unknown,3
15990,Unknown,3
15993,Unknown,3
15996,Unknown,3
15998,Unknown,3
16003,Unknown,3
16005,Unknown,3
16007,Unknown,3
16011,Unknown,3
16013,Unknown,3
16014,Unknown,3
16016,Unknown,3
16019,Unknown,3
16023,Unknown,3
16033,Unknown,3
16042,Unknown,3
16043,Unknown,3
16057,Unknown,3
16059,Unknown,3
16062,Unknown,3
16076,Unknown,3
16081,Unknown,3
16083,Unknown,3
16085,Unknown,3
16086,Unknown,3
16094,Unknown,3
16098,Unknown,3
16103,Unknown,3
16110,Unknown,3
16115,Unknown,3
16121,Unknown,3
16122,Unknown,3
16126,Unknown,3
16128,Unknown,3
16131,Unknown,3
16133,Unknown,3
16134,Unknown,3
16140,Unknown,3
16143,Unknown,3
16145,Unknown,3
16150,Unknown,3
16153,Unknown,3
16156,Unknown,3
16161,Unknown,3
16168,Unknown,3
16170,Unknown,3
16180,Unknown,3
16182,Unknown,3
16186,Unknown,3
16187,Unknown,3
16188,Unknown,3
16191,Unknown,3
16200,Unknown,3
16203,Unknown,3
16206,Unknown,3
16208,Unknown,3
16210,Unknown,3
16212,Unknown,3
16218,Unknown,3
16221,Unknown,3
16224,Unknown,3
16225,Unknown,3
16233,Unknown,3
16235,Unknown,3
16241,Unknown,3
16242,Unknown,3
16245,Unknown,3
16249,Unknown,3
16253,Unknown,3
16255,Unknown,3
16258,Unknown,3
16261,Unknown,3
16265,Unknown,3
16271,Unknown,3
16283,Unknown,3
16293,Unknown,3
16303,Unknown,3
16316,Unknown,3
16321,Unknown,3
16326,Unknown,3
16327,Unknown,3
16332,Unknown,3
16333,Unknown,3
16348,Unknown,3
16350,Unknown,3
16353,Unknown,3
16358,Unknown,3
16359,Unknown,3
16360,Unknown,3
16365,Unknown,3
16367,Unknown,3
16369,Unknown,3
16370,Unknown,3
16374,Unknown,3
16385,Unknown,3
16386,Unknown,3
16389,Unknown,3
16393,Unknown,3
16394,Unknown,3
16395,Unknown,3
16399,Unknown,3
16401,Unknown,3
16407,Unknown,3
16409,Unknown,3
16411,Unknown,3
16414,Unknown,3
16422,Unknown,3
16426,Unknown,3
16434,Unknown,3
16440,Unknown,3
16442,Unknown,3
16444,Unknown,3
16455,Unknown,3
16456,Unknown,3
16458,Unknown,3
16463,Unknown,3
16466,Unknown,3
16469,Unknown,3
16470,Unknown,3
16474,Unknown,3
16477,Unknown,3
16493,Unknown,3
16495,Unknown,3
16496,Unknown,3
16497,Unknown,3
16500,Unknown,3
16503,Unknown,3
16511,Unknown,3
16515,Unknown,3
16519,Unknown,3
16523,Unknown,3
16525,Unknown,3
16531,Unknown,3
16539,Unknown,3
16549,Unknown,3
16550,Unknown,3
16551,Unknown,3
16553,Unknown,3
16554,Unknown,3
16556,Unknown,3
16558,Unknown,3
16560,Unknown,3
16566,Unknown,3
16570,Unknown,3
16571,Unknown,3
16592,Unknown,3
16593,Unknown,3
16596,Unknown,3
16600,Unknown,3
16607,Unknown,3
16609,Unknown,3
16612,Unknown,3
16618,Unknown,3
16620,Unknown,3
16621,Unknown,3
16626,Unknown,3
16628,Unknown,3
16633,Unknown,3
16637,Unknown,3
16638,Unknown,3
16652,Unknown,3
16655,Unknown,3
16656,Unknown,3
16657,Unknown,3
16660,Unknown,3
16668,Unknown,3
16670,Unknown,3
16672,Unknown,3
16676,Unknown,3
16678,Unknown,3
16684,Unknown,3
16686,Unknown,3
16700,Unknown,3
16701,Unknown,3
16705,Unknown,3
16709,Unknown,3
16710,Unknown,3
16711,Unknown,3
16712,Unknown,3
16713,Unknown,3
16717,Unknown,3
16719,Unknown,3
16722,Unknown,3
16726,Unknown,3
16728,Unknown,3
16729,Unknown,3
16730,Unknown,3
16735,Unknown,3
16743,Unknown,3
16744,Unknown,3
16745,Unknown,3
16746,Unknown,3
16748,Unknown,3
16750,Unknown,3
16755,Unknown,3
16764,Unknown,3
16767,Unknown,3
16768,Unknown,3
16770,Unknown,3
16771,Unknown,3
16775,Unknown,3
16779,Unknown,3
16782,Unknown,3
16791,Unknown,3
16794,Unknown,3
16804,Unknown,3
16809,Unknown,3
16813,Unknown,3
16814,Unknown,3
16816,Unknown,3
16817,Unknown,3
16818,Unknown,3
16833,Unknown,3
16835,Unknown,3
16837,Unknown,3
16839,Unknown,3
16841,Unknown,3
16843,Unknown,3
16863,Unknown,3
16869,Unknown,3
16871,Unknown,3
16873,Unknown,3
16875,Unknown,3
16877,Unknown,3
16880,Unknown,3
16882,Unknown,3
16885,Unknown,3
16891,Unknown,3
16892,Unknown,3
16898,Unknown,3
16899,Unknown,3
16904,Unknown,3
16905,Unknown,3
16907,Unknown,3
16910,Unknown,3
16912,Unknown,3
16915,Unknown,3
16916,Unknown,3
16918,Unknown,3
16919,Unknown,3
16923,Unknown,3
16927,Unknown,3
16928,Unknown,3
16931,Unknown,3
16933,Unknown,3
16938,Unknown,3
16940,Unknown,3
16942,Unknown,3
16945,Unknown,3
16949,Unknown,3
16950,Unknown,3
16954,Unknown,3
16960,Unknown,3
16966,Unknown,3
16979,Unknown,3
16983,Unknown,3
16984,Unknown,3
16985,Unknown,3
16987,Unknown,3
16992,Unknown,3
16996,Unknown,3
17001,Unknown,3
17007,Unknown,3
17015,Unknown,3
17017,Unknown,3
17018,Unknown,3
17019,Unknown,3
17025,Unknown,3
17027,Unknown,3
17033,Unknown,3
17034,Unknown,3
17041,Unknown,3
17042,Unknown,3
17043,Unknown,3
17049,Unknown,3
17050,Unknown,3
17054,Unknown,3
17059,Unknown,3
17061,Unknown,3
17063,Unknown,3
17064,Unknown,3
17068,Unknown,3
17069,Unknown,3
17071,Unknown,3
17075,Unknown,3
17076,Unknown,3
17080,Unknown,3
17082,Unknown,3
17085,Unknown,3
17088,Unknown,3
17090,Unknown,3
17091,Unknown,3
17092,Unknown,3
17095,Unknown,3
17096,Unknown,3
17097,Unknown,3
17107,Unknown,3
17109,Unknown,3
17114,Unknown,3
17115,Unknown,3
17126,Unknown,3
17133,Unknown,3
17135,Unknown,3
17139,Unknown,3
17146,Unknown,3
17147,Unknown,3
17158,Unknown,3
17160,Unknown,3
17162,Unknown,3
17164,Unknown,3
17175,Unknown,3
17180,Unknown,3
17181,Unknown,3
17188,Unknown,3
17189,Unknown,3
17191,Unknown,3
17198,Unknown,3
17211,Unknown,3
17213,Unknown,3
17214,Unknown,3
17218,Unknown,3
17220,Unknown,3
17227,Unknown,3
17228,Unknown,3
17231,Unknown,3
17235,Unknown,3
17236,Unknown,3
17238,Unknown,3
17243,Unknown,3
17250,Unknown,3
17255,Unknown,3
17259,Unknown,3
17262,Unknown,3
17272,Unknown,3
17284,Unknown,3
17287,Unknown,3
17288,Unknown,3
17293,Unknown,3
17302,Unknown,3
17306,Unknown,3
17311,Unknown,3
17314,Unknown,3
17315,Unknown,3
17320,Unknown,3
17323,Unknown,3
17324,Unknown,3
17329,Unknown,3
17337,Unknown,3
17338,Unknown,3
17339,Unknown,3
17340,Unknown,3
17341,Unknown,3
17346,Unknown,3
17348,Unknown,3
17351,Unknown,3
17360,Unknown,3
17361,Unknown,3
17364,Unknown,3
17365,Unknown,3
17368,Unknown,3
17371,Unknown,3
17372,Unknown,3
17373,Unknown,3
17376,Unknown,3
17377,Unknown,3
17381,Unknown,3
17389,Unknown,3
17396,Unknown,3
17400,Unknown,3
17402,Unknown,3
17404,Unknown,3
17410,Unknown,3
17411,Unknown,3
17412,Unknown,3
17416,Unknown,3
17418,Unknown,3
17419,Unknown,3
17420,Unknown,3
17422,Unknown,3
17426,Unknown,3
17428,Unknown,3
17430,Unknown,3
17436,Unknown,3
17442,Unknown,3
17449,Unknown,3
17460,Unknown,3
17463,Unknown,3
17469,Unknown,3
17470,Unknown,3
17490,Unknown,3
17491,Unknown,3
17512,Unknown,3
17515,Unknown,3
17516,Unknown,3
17519,Unknown,3
17522,Unknown,3
17526,Unknown,3
17528,Unknown,3
17530,Unknown,3
17537,Unknown,3
17540,Unknown,3
17552,Unknown,3
17555,Unknown,3
17567,Unknown,3
17571,Unknown,3
17572,Unknown,3
17576,Unknown,3
17581,Unknown,3
17585,Unknown,3
17589,Unknown,3
17591,Unknown,3
17593,Unknown,3
17596,Unknown,3
17602,Unknown,3
17609,Unknown,3
17611,Unknown,3
17612,Unknown,3
17613,Unknown,3
17618,Unknown,3
17621,Unknown,3
17625,Unknown,3
17629,Unknown,3
17631,Unknown,3
17634,Unknown,3
17644,Unknown,3
17648,Unknown,3
17651,Unknown,3
17652,Unknown,3
17655,Unknown,3
17659,Unknown,3
17663,Unknown,3
17667,Unknown,3
17669,Unknown,3
17671,Unknown,3
17672,Unknown,3
17673,Unknown,3
17674,Unknown,3
17675,Unknown,3
17676,Unknown,3
17677,Unknown,3
17682,Unknown,3
17685,Unknown,3
17686,Unknown,3
17690,Unknown,3
17692,Unknown,3
17696,Unknown,3
17700,Unknown,3
17705,Unknown,3
17706,Unknown,3
17711,Unknown,3
17716,Unknown,3
17719,Unknown,3
17720,Unknown,3
17722,Unknown,3
17725,Unknown,3
17730,Unknown,3
17735,Unknown,3
17738,Unknown,3
17739,Unknown,3
17744,Unknown,3
17750,Unknown,3
17754,Unknown,3
17757,Unknown,3
17758,Unknown,3
17760,Unknown,3
17769,Unknown,3
17771,Unknown,3
17774,Unknown,3
17786,Unknown,3
17787,Unknown,3
17790,Unknown,3
17796,Unknown,3
17799,Unknown,3
17800,Unknown,3
17802,Unknown,3
17809,Unknown,3
17811,Unknown,3
17812,Unknown,3
17813,Unknown,3
17816,Unknown,3
17817,Unknown,3
17819,Unknown,3
17827,Unknown,3
17830,Unknown,3
17838,Unknown,3
17848,Unknown,3
17856,Unknown,3
17857,Unknown,3
17858,Unknown,3
17861,Unknown,3
17863,Unknown,3
17864,Unknown,3
17865,Unknown,3
17867,Unknown,3
17869,Unknown,3
17870,Unknown,3
17873,Unknown,3
17883,Unknown,3
17884,Unknown,3
17886,Unknown,3
17888,Unknown,3
17894,Unknown,3
17897,Unknown,3
17905,Unknown,3
17913,Unknown,3
17917,Unknown,3
17920,Unknown,3
17921,Unknown,3
17924,Unknown,3
17932,Unknown,3
17937,Unknown,3
17940,Unknown,3
17949,Unknown,3
17950,Unknown,3
17951,Unknown,3
17954,Unknown,3
17961,Unknown,3
17964,Unknown,3
17965,Unknown,3
17966,Unknown,3
17974,Unknown,3
17975,Unknown,3
17979,Unknown,3
17988,Unknown,3
17999,Unknown,3
18008,Unknown,3
18016,Unknown,3
18036,Unknown,3
18040,Unknown,3
18041,Unknown,3
18043,Unknown,3
18044,Unknown,3
18055,Unknown,3
18061,Unknown,3
18065,Unknown,3
18069,Unknown,3
18075,Unknown,3
18077,Unknown,3
18079,Unknown,3
18092,Unknown,3
18094,Unknown,3
18097,Unknown,3
18109,Unknown,3
18116,Unknown,3
18118,Unknown,3
18122,Unknown,3
18125,Unknown,3
18136,Unknown,3
18144,Unknown,3
18145,Unknown,3
18156,Unknown,3
18161,Unknown,3
18168,Unknown,3
18171,Unknown,3
18172,Unknown,3
18177,Unknown,3
18178,Unknown,3
18179,Unknown,3
18180,Unknown,3
18188,Unknown,3
18196,Unknown,3
18198,Unknown,3
18210,Unknown,3
18211,Unknown,3
18219,Unknown,3
18221,Unknown,3
18223,Unknown,3
18225,Unknown,3
18226,Unknown,3
18229,Unknown,3
18230,Unknown,3
18236,Unknown,3
18241,Unknown,3
18245,Unknown,3
18257,Unknown,3
18259,Unknown,3
18260,Unknown,3
18263,Unknown,3
18270,Unknown,3
18272,Unknown,3
18283,Unknown,3
12346,Unknown,4
12350,Unknown,4
12353,Unknown,4
12354,Unknown,4
12355,Unknown,4
12361,Unknown,4
12365,Unknown,4
12373,Unknown,4
12377,Unknown,4
12383,Unknown,4
12386,Unknown,4
12401,Unknown,4
12402,Unknown,4
12410,Unknown,4
12414,Unknown,4
12424,Unknown,4
12426,Unknown,4
12441,Unknown,4
12447,Unknown,4
12450,Unknown,4
12468,Unknown,4
12489,Unknown,4
12493,Unknown,4
12501,Unknown,4
12506,Unknown,4
12509,Unknown,4
12514,Unknown,4
12515,Unknown,4
12547,Unknown,4
12548,Unknown,4
12551,Unknown,4
12559,Unknown,4
12561,Unknown,4
12564,Unknown,4
12565,Unknown,4
12573,Unknown,4
12574,Unknown,4
12580,Unknown,4
12582,Unknown,4
12585,Unknown,4
12590,Unknown,4
12591,Unknown,4
12601,Unknown,4
12614,Unknown,4
12622,Unknown,4
12623,Unknown,4
12625,Unknown,4
12639,Unknown,4
12648,Unknown,4
12651,Unknown,4
12652,Unknown,4
12665,Unknown,4
12672,Unknown,4
12686,Unknown,4
12690,Unknown,4
12707,Unknown,4
12725,Unknown,4
12732,Unknown,4
12733,Unknown,4
12734,Unknown,4
12735,Unknown,4
12736,Unknown,4
12738,Unknown,4
12754,Unknown,4
12755,Unknown,4
12764,Unknown,4
12769,Unknown,4
12770,Unknown,4
12785,Unknown,4
12790,Unknown,4
12791,Unknown,4
12792,Unknown,4
12793,Unknown,4
12797,Unknown,4
12802,Unknown,4
12809,Unknown,4
12811,Unknown,4
12817,Unknown,4
12818,Unknown,4
12821,Unknown,4
12829,Unknown,4
12831,Unknown,4
12834,Unknown,4
12837,Unknown,4
12845,Unknown,4
12852,Unknown,4
12855,Unknown,4
12857,Unknown,4
12866,Unknown,4
12868,Unknown,4
12872,Unknown,4
12873,Unknown,4
12878,Unknown,4
12881,Unknown,4
12888,Unknown,4
12897,Unknown,4
12902,Unknown,4
12922,Unknown,4
12929,Unknown,4
12945,Unknown,4
12956,Unknown,4
12967,Unknown,4
12974,Unknown,4
12976,Unknown,4
12977,Unknown,4
12982,Unknown,4
12988,Unknown,4
12999,Unknown,4
13002,Unknown,4
13005,Unknown,4
13008,Unknown,4
13011,Unknown,4
13033,Unknown,4
13043,Unknown,4
13044,Unknown,4
13052,Unknown,4
13059,Unknown,4
13060,Unknown,4
13062,Unknown,4
13065,Unknown,4
13070,Unknown,4
13072,Unknown,4
13080,Unknown,4
13093,Unknown,4
13101,Unknown,4
13108,Unknown,4
13120,Unknown,4
13121,Unknown,4
13132,Unknown,4
13133,Unknown,4
13135,Unknown,4
13144,Unknown,4
13151,Unknown,4
13161,Unknown,4
13166,Unknown,4
13185,Unknown,4
13187,Unknown,4
13216,Unknown,4
13221,Unknown,4
13223,Unknown,4
13226,Unknown,4
13227,Unknown,4
13229,Unknown,4
13235,Unknown,4
13239,Unknown,4
13243,Unknown,4
13261,Unknown,4
13262,Unknown,4
13270,Unknown,4
13284,Unknown,4
13291,Unknown,4
13294,Unknown,4
13295,Unknown,4
13299,Unknown,4
13300,Unknown,4
13302,Unknown,4
13304,Unknown,4
13328,Unknown,4
13338,Unknown,4
13339,Unknown,4
13341,Unknown,4
13343,Unknown,4
13345,Unknown,4
13357,Unknown,4
13358,Unknown,4
13368,Unknown,4
13369,Unknown,4
13370,Unknown,4
13382,Unknown,4
13385,Unknown,4
13391,Unknown,4
13395,Unknown,4
13398,Unknown,4
13439,Unknown,4
13452,Unknown,4
13462,Unknown,4
13466,Unknown,4
13474,Unknown,4
13475,Unknown,4
13476,Unknown,4
13479,Unknown,4
13482,Unknown,4
13484,Unknown,4
13485,Unknown,4
13493,Unknown,4
13494,Unknown,4
13497,Unknown,4
13501,Unknown,4
13506,Unknown,4
13508,Unknown,4
13512,Unknown,4
13531,Unknown,4
13533,Unknown,4
13551,Unknown,4
13561,Unknown,4
13568,Unknown,4
13570,Unknown,4
13572,Unknown,4
13581,Unknown,4
13583,Unknown,4
13584,Unknown,4
13600,Unknown,4
13615,Unknown,4
13618,Unknown,4
13626,Unknown,4
13642,Unknown,4
13649,Unknown,4
13659,Unknown,4
13663,Unknown,4
13672,Unknown,4
13678,Unknown,4
13682,Unknown,4
13684,Unknown,4
13686,Unknown,4
13699,Unknown,4
13703,Unknown,4
13706,Unknown,4
13707,Unknown,4
13708,Unknown,4
13711,Unknown,4
13712,Unknown,4
13715,Unknown,4
13716,Unknown,4
13718,Unknown,4
13723,Unknown,4
13731,Unknown,4
13737,Unknown,4
13740,Unknown,4
13745,Unknown,4
13747,Unknown,4
13751,Unknown,4
13753,Unknown,4
13762,Unknown,4
13781,Unknown,4
13786,Unknown,4
13800,Unknown,4
13803,Unknown,4
13807,Unknown,4
13809,Unknown,4
13811,Unknown,4
13819,Unknown,4
13826,Unknown,4
13833,Unknown,4
13837,Unknown,4
13841,Unknown,4
13856,Unknown,4
13859,Unknown,4
13863,Unknown,4
13874,Unknown,4
13885,Unknown,4
13887,Unknown,4
13893,Unknown,4
13898,Unknown,4
13900,Unknown,4
13922,Unknown,4
13932,Unknown,4
13934,Unknown,4
13936,Unknown,4
13937,Unknown,4
13948,Unknown,4
13951,Unknown,4
13952,Unknown,4
13963,Unknown,4
13973,Unknown,4
13976,Unknown,4
13990,Unknown,4
14000,Unknown,4
14009,Unknown,4
14012,Unknown,4
14022,Unknown,4
14036,Unknown,4
14041,Unknown,4
14046,Unknown,4
14048,Unknown,4
14059,Unknown,4
14066,Unknown,4
14068,Unknown,4
14081,Unknown,4
14082,Unknown,4
14090,Unknown,4
14104,Unknown,4
14105,Unknown,4
14114,Unknown,4
14130,Unknown,4
14142,Unknown,4
14148,Unknown,4
14149,Unknown,4
14154,Unknown,4
14155,Unknown,4
14161,Unknown,4
14162,Unknown,4
14165,Unknown,4
14176,Unknown,4
14185,Unknown,4
14195,Unknown,4
14199,Unknown,4
14206,Unknown,4
14220,Unknown,4
14222,Unknown,4
14231,Unknown,4
14237,Unknown,4
14238,Unknown,4
14241,Unknown,4
14242,Unknown,4
14245,Unknown,4
14247,Unknown,4
14248,Unknown,4
14256,Unknown,4
14270,Unknown,4
14271,Unknown,4
14280,Unknown,4
14288,Unknown,4
14304,Unknown,4
14311,Unknown,4
14320,Unknown,4
14326,Unknown,4
14327,Unknown,4
14338,Unknown,4
14339,Unknown,4
14340,Unknown,4
14348,Unknown,4
14350,Unknown,4
14351,Unknown,4
14353,Unknown,4
14355,Unknown,4
14368,Unknown,4
14371,Unknown,4
14373,Unknown,4
14375,Unknown,4
14377,Unknown,4
14386,Unknown,4
14393,Unknown,4
14411,Unknown,4
14413,Unknown,4
14423,Unknown,4
14431,Unknown,4
14437,Unknown,4
14438,Unknown,4
14439,Unknown,4
14442,Unknown,4
14450,Unknown,4
14453,Unknown,4
14457,Unknown,4
14459,Unknown,4
14465,Unknown,4
14476,Unknown,4
14479,Unknown,4
14483,Unknown,4
14489,Unknown,4
14496,Unknown,4
14497,Unknown,4
14501,Unknown,4
14512,Unknown,4
14532,Unknown,4
14536,Unknown,4
14542,Unknown,4
14549,Unknown,4
14570,Unknown,4
14576,Unknown,4
14584,Unknown,4
14586,Unknown,4
14589,Unknown,4
14600,Unknown,4
14603,Unknown,4
14616,Unknown,4
14619,Unknown,4
14620,Unknown,4
14622,Unknown,4
14625,Unknown,4
14632,Unknown,4
14633,Unknown,4
14647,Unknown,4
14669,Unknown,4
14670,Unknown,4
14672,Unknown,4
14682,Unknown,4
14689,Unknown,4
14693,Unknown,4
14697,Unknown,4
14699,Unknown,4
14705,Unknown,4
14727,Unknown,4
14729,Unknown,4
14740,Unknown,4
14747,Unknown,4
14760,Unknown,4
14762,Unknown,4
14770,Unknown,4
14779,Unknown,4
14782,Unknown,4
14795,Unknown,4
14813,Unknown,4
14816,Unknown,4
14817,Unknown,4
14821,Unknown,4
14823,Unknown,4
14828,Unknown,4
14840,Unknown,4
14850,Unknown,4
14867,Unknown,4
14870,Unknown,4
14873,Unknown,4
14886,Unknown,4
14888,Unknown,4
14889,Unknown,4
14890,Unknown,4
14896,Unknown,4
14920,Unknown,4
14924,Unknown,4
14932,Unknown,4
14935,Unknown,4
14957,Unknown,4
14962,Unknown,4
14964,Unknown,4
14981,Unknown,4
14985,Unknown,4
14988,Unknown,4
14998,Unknown,4
15007,Unknown,4
15016,Unknown,4
15019,Unknown,4
15032,Unknown,4
15041,Unknown,4
15042,Unknown,4
15047,Unknown,4
15049,Unknown,4
15052,Unknown,4
15057,Unknown,4
15063,Unknown,4
15069,Unknown,4
15070,Unknown,4
15076,Unknown,4
15079,Unknown,4
15083,Unknown,4
15087,Unknown,4
15090,Unknown,4
15092,Unknown,4
15098,Unknown,4
15100,Unknown,4
15104,Unknown,4
15107,Unknown,4
15109,Unknown,4
15119,Unknown,4
15130,Unknown,4
15135,Unknown,4
15139,Unknown,4
15143,Unknown,4
15147,Unknown,4
15160,Unknown,4
15165,Unknown,4
15167,Unknown,4
15171,Unknown,4
15174,Unknown,4
15178,Unknown,4
15180,Unknown,4
15204,Unknown,4
15210,Unknown,4
15212,Unknown,4
15213,Unknown,4
15219,Unknown,4
15221,Unknown,4
15222,Unknown,4
15223,Unknown,4
15224,Unknown,4
15225,Unknown,4
15226,Unknown,4
15230,Unknown,4
15234,Unknown,4
15235,Unknown,4
15236,Unknown,4
15246,Unknown,4
15257,Unknown,4
15258,Unknown,4
15262,Unknown,4
15266,Unknown,4
15279,Unknown,4
15280,Unknown,4
15292,Unknown,4
15303,Unknown,4
15308,Unknown,4
15314,Unknown,4
15316,Unknown,4
15319,Unknown,4
15326,Unknown,4
15332,Unknown,4
15333,Unknown,4
15346,Unknown,4
15347,Unknown,4
15350,Unknown,4
15353,Unknown,4
15361,Unknown,4
15363,Unknown,4
15381,Unknown,4
15386,Unknown,4
15388,Unknown,4
15389,Unknown,4
15395,Unknown,4
15397,Unknown,4
15405,Unknown,4
15408,Unknown,4
15412,Unknown,4
15415,Unknown,4
15422,Unknown,4
15424,Unknown,4
15433,Unknown,4
15437,Unknown,4
15442,Unknown,4
15445,Unknown,4
15447,Unknown,4
15448,Unknown,4
15454,Unknown,4
15456,Unknown,4
15457,Unknown,4
15460,Unknown,4
15464,Unknown,4
15503,Unknown,4
15507,Unknown,4
15508,Unknown,4
15510,Unknown,4
15517,Unknown,4
15528,Unknown,4
15537,Unknown,4
15543,Unknown,4
15552,Unknown,4
15554,Unknown,4
15562,Unknown,4
15578,Unknown,4
15585,Unknown,4
15589,Unknown,4
15607,Unknown,4
15609,Unknown,4
15643,Unknown,4
15648,Unknown,4
15649,Unknown,4
15655,Unknown,4
15658,Unknown,4
15661,Unknown,4
15665,Unknown,4
15668,Unknown,4
15670,Unknown,4
15691,Unknown,4
15695,Unknown,4
15700,Unknown,4
15703,Unknown,4
15705,Unknown,4
15709,Unknown,4
15717,Unknown,4
15723,Unknown,4
15724,Unknown,4
15729,Unknown,4
15732,Unknown,4
15733,Unknown,4
15749,Unknown,4
15753,Unknown,4
15759,Unknown,4
15775,Unknown,4
15777,Unknown,4
15780,Unknown,4
15789,Unknown,4
15808,Unknown,4
15813,Unknown,4
15820,Unknown,4
15823,Unknown,4
15825,Unknown,4
15832,Unknown,4
15843,Unknown,4
15852,Unknown,4
15869,Unknown,4
15880,Unknown,4
15881,Unknown,4
15882,Unknown,4
15891,Unknown,4
15894,Unknown,4
15897,Unknown,4
15899,Unknown,4
15909,Unknown,4
15912,Unknown,4
15917,Unknown,4
15918,Unknown,4
15921,Unknown,4
15922,Unknown,4
15923,Unknown,4
15925,Unknown,4
15935,Unknown,4
15940,Unknown,4
15944,Unknown,4
15945,Unknown,4
15970,Unknown,4
15973,Unknown,4
15976,Unknown,4
16006,Unknown,4
16010,Unknown,4
16022,Unknown,4
16030,Unknown,4
16034,Unknown,4
16037,Unknown,4
16048,Unknown,4
16050,Unknown,4
16055,Unknown,4
16063,Unknown,4
16065,Unknown,4
16072,Unknown,4
16073,Unknown,4
16078,Unknown,4
16084,Unknown,4
16096,Unknown,4
16097,Unknown,4
16105,Unknown,4
16109,Unknown,4
16113,Unknown,4
16114,Unknown,4
16116,Unknown,4
16117,Unknown,4
16124,Unknown,4
16125,Unknown,4
16135,Unknown,4
16142,Unknown,4
16144,Unknown,4
16148,Unknown,4
16152,Unknown,4
16159,Unknown,4
16162,Unknown,4
16163,Unknown,4
16193,Unknown,4
16202,Unknown,4
16214,Unknown,4
16216,Unknown,4
16217,Unknown,4
16222,Unknown,4
16226,Unknown,4
16227,Unknown,4
16230,Unknown,4
16244,Unknown,4
16247,Unknown,4
16250,Unknown,4
16256,Unknown,4
16257,Unknown,4
16270,Unknown,4
16274,Unknown,4
16275,Unknown,4
16276,Unknown,4
16282,Unknown,4
16287,Unknown,4
16297,Unknown,4
16306,Unknown,4
16315,Unknown,4
16319,Unknown,4
16320,Unknown,4
16323,Unknown,4
16338,Unknown,4
16339,Unknown,4
16344,Unknown,4
16349,Unknown,4
16351,Unknown,4
16356,Unknown,4
16377,Unknown,4
16378,Unknown,4
16387,Unknown,4
16392,Unknown,4
16402,Unknown,4
16403,Unknown,4
16405,Unknown,4
16424,Unknown,4
16425,Unknown,4
16427,Unknown,4
16431,Unknown,4
16448,Unknown,4
16449,Unknown,4
16457,Unknown,4
16461,Unknown,4
16471,Unknown,4
16483,Unknown,4
16484,Unknown,4
16494,Unknown,4
16498,Unknown,4
16499,Unknown,4
16509,Unknown,4
16510,Unknown,4
16517,Unknown,4
16520,Unknown,4
16526,Unknown,4
16529,Unknown,4
16545,Unknown,4
16546,Unknown,4
16552,Unknown,4
16565,Unknown,4
16567,Unknown,4
16581,Unknown,4
16583,Unknown,4
16586,Unknown,4
16587,Unknown,4
16598,Unknown,4
16610,Unknown,4
16611,Unknown,4
16614,Unknown,4
16617,Unknown,4
16619,Unknown,4
16623,Unknown,4
16625,Unknown,4
16634,Unknown,4
16643,Unknown,4
16644,Unknown,4
16647,Unknown,4
16658,Unknown,4
16659,Unknown,4
16665,Unknown,4
16679,Unknown,4
16692,Unknown,4
16697,Unknown,4
16698,Unknown,4
16714,Unknown,4
16716,Unknown,4
16718,Unknown,4
16721,Unknown,4
16725,Unknown,4
16727,Unknown,4
16738,Unknown,4
16739,Unknown,4
16752,Unknown,4
16754,Unknown,4
16756,Unknown,4
16757,Unknown,4
16763,Unknown,4
16765,Unknown,4
16766,Unknown,4
16769,Unknown,4
16781,Unknown,4
16792,Unknown,4
16795,Unknown,4
16810,Unknown,4
16812,Unknown,4
16823,Unknown,4
16829,Unknown,4
16832,Unknown,4
16834,Unknown,4
16838,Unknown,4
16849,Unknown,4
16850,Unknown,4
16858,Unknown,4
16883,Unknown,4
16889,Unknown,4
16893,Unknown,4
16897,Unknown,4
16913,Unknown,4
16917,Unknown,4
16926,Unknown,4
16943,Unknown,4
16947,Unknown,4
16955,Unknown,4
16957,Unknown,4
16963,Unknown,4
16965,Unknown,4
16967,Unknown,4
16976,Unknown,4
16980,Unknown,4
16990,Unknown,4
16997,Unknown,4
17035,Unknown,4
17046,Unknown,4
17051,Unknown,4
17060,Unknown,4
17062,Unknown,4
17094,Unknown,4
17102,Unknown,4
17110,Unknown,4
17117,Unknown,4
17118,Unknown,4
17120,Unknown,4
17123,Unknown,4
17124,Unknown,4
17128,Unknown,4
17138,Unknown,4
17140,Unknown,4
17142,Unknown,4
17152,Unknown,4
17165,Unknown,4
17171,Unknown,4
17174,Unknown,4
17176,Unknown,4
17179,Unknown,4
17187,Unknown,4
17194,Unknown,4
17204,Unknown,4
17212,Unknown,4
17217,Unknown,4
17223,Unknown,4
17226,Unknown,4
17230,Unknown,4
17234,Unknown,4
17239,Unknown,4
17245,Unknown,4
17251,Unknown,4
17263,Unknown,4
17277,Unknown,4
17278,Unknown,4
17291,Unknown,4
17303,Unknown,4
17325,Unknown,4
17334,Unknown,4
17343,Unknown,4
17349,Unknown,4
17356,Unknown,4
17358,Unknown,4
17362,Unknown,4
17367,Unknown,4
17374,Unknown,4
17375,Unknown,4
17391,Unknown,4
17392,Unknown,4
17394,Unknown,4
17406,Unknown,4
17408,Unknown,4
17409,Unknown,4
17431,Unknown,4
17438,Unknown,4
17443,Unknown,4
17446,Unknown,4
17454,Unknown,4
17455,Unknown,4
17456,Unknown,4
17464,Unknown,4
17472,Unknown,4
17486,Unknown,4
17492,Unknown,4
17496,Unknown,4
17499,Unknown,4
17501,Unknown,4
17504,Unknown,4
17505,Unknown,4
17507,Unknown,4
17508,Unknown,4
17517,Unknown,4
17524,Unknown,4
17525,Unknown,4
17531,Unknown,4
17535,Unknown,4
17536,Unknown,4
17542,Unknown,4
17548,Unknown,4
17550,Unknown,4
17551,Unknown,4
17556,Unknown,4
17569,Unknown,4
17574,Unknown,4
17578,Unknown,4
17580,Unknown,4
17582,Unknown,4
17597,Unknown,4
17601,Unknown,4
17604,Unknown,4
17619,Unknown,4
17630,Unknown,4
17639,Unknown,4
17643,Unknown,4
17646,Unknown,4
17654,Unknown,4
17670,Unknown,4
17678,Unknown,4
17691,Unknown,4
17697,Unknown,4
17698,Unknown,4
17701,Unknown,4
17704,Unknown,4
17708,Unknown,4
17709,Unknown,4
17714,Unknown,4
17715,Unknown,4
17718,Unknown,4
17732,Unknown,4
17746,Unknown,4
17749,Unknown,4
17752,Unknown,4
17763,Unknown,4
17770,Unknown,4
17775,Unknown,4
17789,Unknown,4
17795,Unknown,4
17829,Unknown,4
17843,Unknown,4
17849,Unknown,4
17850,Unknown,4
17854,Unknown,4
17855,Unknown,4
17859,Unknown,4
17860,Unknown,4
17862,Unknown,4
17871,Unknown,4
17874,Unknown,4
17877,Unknown,4
17879,Unknown,4
17880,Unknown,4
17881,Unknown,4
17889,Unknown,4
17890,Unknown,4
17891,Unknown,4
17893,Unknown,4
17899,Unknown,4
17900,Unknown,4
17906,Unknown,4
17908,Unknown,4
17912,Unknown,4
17923,Unknown,4
17925,Unknown,4
17939,Unknown,4
17946,Unknown,4
17955,Unknown,4
17956,Unknown,4
17960,Unknown,4
17967,Unknown,4
17968,Unknown,4
17970,Unknown,4
17972,Unknown,4
17976,Unknown,4
17978,Unknown,4
17987,Unknown,4
17990,Unknown,4
17991,Unknown,4
17995,Unknown,4
18004,Unknown,4
18009,Unknown,4
18010,Unknown,4
18011,Unknown,4
18013,Unknown,4
18024,Unknown,4
18032,Unknown,4
18048,Unknown,4
18050,Unknown,4
18056,Unknown,4
18068,Unknown,4
18071,Unknown,4
18072,Unknown,4
18074,Unknown,4
18078,Unknown,4
18085,Unknown,4
18086,Unknown,4
18095,Unknown,4
18106,Unknown,4
18108,Unknown,4
18113,Unknown,4
18114,Unknown,4
18119,Unknown,4
18120,Unknown,4
18129,Unknown,4
18133,Unknown,4
18138,Unknown,4
18159,Unknown,4
18165,Unknown,4
18176,Unknown,4
18183,Unknown,4
18185,Unknown,4
18190,Unknown,4
18191,Unknown,4
18193,Unknown,4
18202,Unknown,4
18203,Unknown,4
18212,Unknown,4
18213,Unknown,4
18218,Unknown,4
18220,Unknown,4
18224,Unknown,4
18227,Unknown,4
18231,Unknown,4
18233,Unknown,4
18239,Unknown,4
18250,Unknown,4
18269,Unknown,4
18280,Unknown,4
18281,Unknown,4
